Timestamp_UTC,Stream_ID,Frame_Number,FPS,Latency_ms,Packet_Drop_Rate,CPU_Core_0_pct,CPU_Core_1_pct,CPU_Core_2_pct,CPU_Core_3_pct,CPU_Total_pct,Memory_MB,Thread_Count,GC_Gen0_Collections,GC_Gen1_Collections,GC_Gen2_Collections,Detection_Count,Image_Bytes,Packet_ID
2026-09-02T09:19:58.0472361Z,0,0,0.000,0.000,0.000,0.000,0.000,0.000,0.000,0.000,81.191,25,0,0,0,0,0,1
2026-09-02T09:19:58.5651346Z,0,0,0.000,0.000,0.000,0.000,0.000,0.000,0.000,0.000,81.836,25,0,0,0,0,0,2
2026-09-02T09:19:59.0676010Z,0,0,0.000,0.000,0.000,0.000,0.000,0.000,0.000,0.000,82.078,25,0,0,0,0,0,3
2026-09-02T09:19:59.5829189Z,0,0,0.000,0.000,0.000,0.000,0.000,0.000,0.000,0.000,82.648,25,0,0,0,0,0,4
2026-09-02T09:20:00.0874152Z,0,0,0.000,0.000,0.000,0.000,0.000,0.000,0.000,0.000,83.156,25,0,0,0,0,0,5
2026-09-02T09:20:00.6042809Z,0,0,0.000,0.000,0.000,0.000,0.000,0.000,0.000,19.840,83.812,25,0,0,0,0,0,6
2026-09-02T09:20:01.1058949Z,0,0,0.000,0.000,0.000,0.000,0.000,0.000,0.000,0.000,84.613,25,0,0,0,0,0,7
2026-09-02T09:20:01.6089067Z,0,0,0.000,0.000,0.000,0.000,0.000,0.000,0.000,20.823,84.832,25,0,0,0,0,0,8
2026-09-02T09:20:02.1260527Z,0,0,0.000,0.000,0.000,0.000,0.000,0.000,0.000,19.451,85.051,25,0,0,0,0,0,9
2026-09-02T09:20:02.6429051Z,0,0,0.000,0.000,0.000,0.000,0.000,0.000,0.000,0.000,85.281,25,0,0,0,0,0,10
2026-09-02T09:20:03.1480210Z,0,0,0.000,0.000,0.000,0.000,0.000,0.000,0.000,0.000,85.645,25,0,0,0,0,0,11
2026-09-02T09:20:03.6519034Z,0,0,0.000,0.000,0.000,0.000,0.000,0.000,0.000,0.000,85.844,25,0,0,0,0,0,12
2026-09-02T09:20:04.1678645Z,0,0,0.000,0.000,0.000,0.000,0.000,0.000,0.000,4.948,85.352,25,0,0,0,0,0,13
2026-09-02T09:20:04.6767105Z,0,0,10.000,60.000,0.000,0.000,0.000,0.000,0.000,18.335,128.457,30,0,0,0,0,0,15
2026-09-02T09:20:05.1831176Z,0,0,10.000,32.000,0.000,0.000,0.000,0.000,0.000,4.550,146.398,34,0,0,0,0,0,20
2026-09-02T09:20:05.6895035Z,0,0,10.000,32.000,0.000,0.000,0.000,0.000,0.000,0.000,145.164,34,0,0,0,0,0,24
2026-09-02T09:20:06.1918460Z,0,0,10.000,31.000,0.000,0.000,0.000,0.000,0.000,4.253,145.480,34,0,0,0,0,0,28
2026-09-02T09:20:06.7043235Z,0,0,10.000,32.000,0.000,0.000,0.000,0.000,0.000,0.000,145.848,34,0,0,0,0,0,34
2026-09-02T09:20:07.2203889Z,0,0,10.000,32.000,0.000,0.000,0.000,0.000,0.000,12.524,146.082,34,0,0,0,0,0,37
2026-09-02T09:20:07.7326740Z,0,0,10.000,35.000,0.000,0.000,0.000,0.000,0.000,30.822,146.184,34,0,0,0,0,0,42
2026-09-02T09:20:08.2379740Z,0,0,10.000,32.000,0.000,0.000,0.000,0.000,0.000,18.146,146.867,34,0,0,0,0,0,46
2026-09-02T09:20:08.7430362Z,0,0,10.000,32.000,0.000,0.000,0.000,0.000,0.000,0.000,147.109,34,0,0,0,0,0,50
2026-09-02T09:20:09.2487944Z,0,0,10.000,33.000,0.000,0.000,0.000,0.000,0.000,52.727,147.691,34,0,0,0,0,0,54
2026-09-02T09:20:09.7530548Z,0,0,10.000,32.000,0.000,0.000,0.000,0.000,0.000,11.757,147.977,34,0,0,0,0,0,59
2026-09-02T09:20:10.2552280Z,0,0,10.000,42.000,0.000,0.000,0.000,0.000,0.000,0.000,148.238,34,0,0,0,0,0,64
2026-09-02T09:20:10.7728148Z,0,0,10.000,31.000,0.000,0.000,0.000,0.000,0.000,0.000,148.500,34,0,0,0,0,0,68
2026-09-02T09:20:11.2900331Z,0,0,10.000,31.000,0.000,0.000,0.000,0.000,0.000,0.000,148.699,34,0,0,0,0,0,72
2026-09-02T09:20:11.8032479Z,0,0,10.000,32.000,0.000,0.000,0.000,0.000,0.000,27.032,148.895,34,0,0,0,0,0,78
2026-09-02T09:20:12.3198125Z,0,0,10.000,38.000,0.000,0.000,0.000,0.000,0.000,7.009,149.156,34,0,0,0,0,0,83
2026-09-02T09:20:12.8274697Z,0,0,10.000,31.000,0.000,0.000,0.000,0.000,0.000,14.648,149.371,34,0,0,0,0,0,87
2026-09-02T09:20:13.3345454Z,0,0,10.000,32.000,0.000,0.000,0.000,0.000,0.000,13.766,149.660,34,0,0,0,0,0,92
2026-09-02T09:20:13.8359026Z,0,0,10.000,32.000,0.000,0.000,0.000,0.000,0.000,0.000,150.406,34,0,0,0,0,0,98
2026-09-02T09:20:14.3534896Z,0,0,10.000,33.000,0.000,0.000,0.000,0.000,0.000,22.228,150.324,34,0,0,0,0,0,102
2026-09-02T09:20:14.8675046Z,0,0,10.000,31.000,0.000,0.000,0.000,0.000,0.000,0.000,150.289,34,0,0,0,0,0,108
2026-09-02T09:20:15.3824769Z,0,0,10.000,32.000,0.000,0.000,0.000,0.000,0.000,2.522,150.645,34,0,0,0,0,0,111
2026-09-02T09:20:15.8928512Z,0,0,10.000,32.000,0.000,0.000,0.000,0.000,0.000,9.388,150.883,34,0,0,0,0,0,116
2026-09-02T09:20:16.3959194Z,0,0,10.000,32.000,0.000,0.000,0.000,0.000,0.000,0.000,151.105,34,0,0,0,0,0,121
2026-09-02T09:20:16.8992439Z,0,0,10.000,32.000,0.000,0.000,0.000,0.000,0.000,11.410,151.348,35,0,0,0,0,0,125
2026-09-02T09:20:17.4043017Z,0,0,10.000,32.000,0.000,0.000,0.000,0.000,0.000,8.191,151.500,35,0,0,0,0,0,129
2026-09-02T09:20:17.9091075Z,0,0,10.000,31.000,0.000,0.000,0.000,0.000,0.000,14.063,150.363,35,0,0,0,0,0,134
2026-09-02T09:20:18.4233218Z,0,0,10.000,35.000,0.000,0.000,0.000,0.000,0.000,17.361,150.820,35,0,0,0,0,0,139
2026-09-02T09:20:18.9377682Z,0,0,10.000,42.000,0.000,0.000,0.000,0.000,0.000,4.488,151.105,35,0,0,0,0,0,144
2026-09-02T09:20:19.4483586Z,0,0,10.000,32.000,0.000,0.000,0.000,0.000,0.000,10.742,150.891,35,0,0,0,0,0,149
2026-09-02T09:20:19.9627784Z,0,0,10.000,32.000,0.000,0.000,0.000,0.000,0.000,12.862,151.312,35,0,0,0,0,0,154
2026-09-02T09:20:20.4664603Z,0,0,10.000,31.000,0.000,0.000,0.000,0.000,0.000,2.448,151.305,35,0,0,0,0,0,158
2026-09-02T09:20:20.9706300Z,0,0,10.000,32.000,0.000,0.000,0.000,0.000,0.000,18.130,151.898,35,0,0,0,0,0,163
2026-09-02T09:20:21.4766325Z,0,0,10.000,31.000,0.000,0.000,0.000,0.000,0.000,0.000,152.062,35,0,0,0,0,0,167
2026-09-02T09:20:21.9821418Z,0,0,10.000,32.000,0.000,0.000,0.000,0.000,0.000,23.474,152.438,35,0,0,0,0,0,172
2026-09-02T09:20:22.4980563Z,0,0,10.000,32.000,0.000,0.000,0.000,0.000,0.000,12.366,152.723,35,0,0,0,0,0,177
2026-09-02T09:20:23.0105278Z,0,0,10.000,31.000,0.000,0.000,0.000,0.000,0.000,3.530,152.965,35,0,0,0,0,0,181
2026-09-02T09:20:23.5249655Z,0,0,10.000,32.000,0.000,0.000,0.000,0.000,0.000,6.719,153.258,35,0,0,0,0,0,186
2026-09-02T09:20:24.0355609Z,0,0,10.000,32.000,0.000,0.000,0.000,0.000,0.000,0.486,153.027,35,0,0,0,0,0,190
2026-09-02T09:20:24.5378964Z,0,0,10.000,32.000,0.000,0.000,0.000,0.000,0.000,10.698,153.465,35,0,0,0,0,0,195
2026-09-02T09:20:25.0437194Z,0,0,10.000,31.000,0.000,0.000,0.000,0.000,0.000,8.953,153.633,35,0,0,0,0,0,200
2026-09-02T09:20:25.5506585Z,0,0,10.000,31.000,0.000,0.000,0.000,0.000,0.000,11.500,153.844,35,0,0,0,0,0,204
2026-09-02T09:20:26.0527109Z,0,0,10.000,31.000,0.000,0.000,0.000,0.000,0.000,0.000,154.094,35,0,0,0,0,0,210
2026-09-02T09:20:26.5654423Z,0,0,10.000,32.000,0.000,0.000,0.000,0.000,0.000,0.000,154.234,35,0,0,0,0,0,214
2026-09-02T09:20:27.0795164Z,0,0,10.000,32.000,0.000,0.000,0.000,0.000,0.000,12.195,154.312,35,0,0,0,0,0,218
2026-09-02T09:20:27.5936754Z,0,0,10.000,46.000,0.000,0.000,0.000,0.000,0.000,21.675,154.414,35,0,0,0,0,0,223
2026-09-02T09:20:28.1058952Z,0,0,10.000,33.000,0.000,0.000,0.000,0.000,0.000,10.556,154.508,35,0,0,0,0,0,227
2026-09-02T09:20:28.6105836Z,0,0,10.000,32.000,0.000,0.000,0.000,0.000,0.000,7.136,155.566,35,0,0,0,0,0,231
2026-09-02T09:20:29.1126549Z,0,0,10.000,32.000,0.000,0.000,0.000,0.000,0.000,35.289,155.680,35,0,0,0,0,0,236
2026-09-02T09:20:29.6186826Z,0,0,10.000,32.000,0.000,0.000,0.000,0.000,0.000,20.070,155.781,35,0,0,0,0,0,241
2026-09-02T09:20:30.1260936Z,0,0,10.000,32.000,0.000,0.000,0.000,0.000,0.000,16.581,155.875,35,0,0,0,0,0,246
2026-09-02T09:20:30.6318722Z,0,0,10.000,33.000,0.000,0.000,0.000,0.000,0.000,31.936,155.977,35,0,0,0,0,0,251
2026-09-02T09:20:31.1379406Z,0,0,10.000,32.000,0.000,0.000,0.000,0.000,0.000,0.000,156.293,35,0,0,0,0,0,256
2026-09-02T09:20:31.6427059Z,0,0,10.000,37.000,0.000,0.000,0.000,0.000,0.000,9.894,156.387,35,0,0,0,0,0,260
2026-09-02T09:20:32.1592157Z,0,0,10.000,33.000,0.000,0.000,0.000,0.000,0.000,6.935,156.500,35,0,0,0,0,0,265
2026-09-02T09:20:32.6735267Z,0,0,10.000,32.000,0.000,0.000,0.000,0.000,0.000,0.000,156.605,35,0,0,0,0,0,270
2026-09-02T09:20:33.1851371Z,0,0,10.000,42.000,0.000,0.000,0.000,0.000,0.000,11.880,156.691,35,0,0,0,0,0,274
2026-09-02T09:20:33.6971121Z,0,0,10.000,33.000,0.000,0.000,0.000,0.000,0.000,0.000,156.824,35,0,0,0,0,0,279
2026-09-02T09:20:34.2131962Z,0,0,10.000,32.000,0.000,0.000,0.000,0.000,0.000,8.734,155.168,35,0,0,0,0,0,283
2026-09-02T09:20:34.7178093Z,0,0,10.000,34.000,0.000,0.000,0.000,0.000,0.000,20.183,155.277,35,0,0,0,0,0,288
2026-09-02T09:20:35.2205759Z,0,0,10.000,32.000,0.000,0.000,0.000,0.000,0.000,0.000,155.105,35,0,0,0,0,0,292
2026-09-02T09:20:35.7239583Z,0,0,10.000,41.000,0.000,0.000,0.000,0.000,0.000,0.000,155.449,35,0,0,0,0,0,297
2026-09-02T09:20:36.2396850Z,0,0,10.000,40.000,0.000,0.000,0.000,0.000,0.000,6.071,155.531,35,0,0,0,0,0,301
2026-09-02T09:20:36.7532473Z,0,0,10.000,33.000,0.000,0.000,0.000,0.000,0.000,6.650,155.965,35,0,0,0,0,0,305
2026-09-02T09:20:37.2677382Z,0,0,10.000,36.000,0.000,0.000,0.000,0.000,0.000,0.000,158.180,36,2,1,1,0,0,310
2026-09-02T09:20:37.7824258Z,0,0,10.000,34.000,0.000,0.000,0.000,0.000,0.000,16.441,158.188,36,2,1,1,0,0,314
2026-09-02T09:20:38.2846309Z,0,0,10.000,38.000,0.000,0.000,0.000,0.000,0.000,3.702,158.195,36,2,1,1,0,0,318
2026-09-02T09:20:38.7876524Z,0,0,10.000,34.000,0.000,0.000,0.000,0.000,0.000,13.998,158.195,36,2,1,1,0,0,322
2026-09-02T09:20:39.3044235Z,0,0,10.000,33.000,0.000,0.000,0.000,0.000,0.000,13.662,158.195,36,2,1,1,0,0,326
2026-09-02T09:20:39.8076694Z,0,0,10.000,32.000,0.000,0.000,0.000,0.000,0.000,5.901,158.203,36,2,1,1,0,0,330
2026-09-02T09:20:40.3225137Z,0,0,10.000,32.000,0.000,0.000,0.000,0.000,0.000,12.101,158.203,36,2,1,1,0,0,335
2026-09-02T09:20:40.8260997Z,0,0,10.000,45.000,0.000,0.000,0.000,0.000,0.000,9.621,158.203,36,2,1,1,0,0,339
2026-09-02T09:20:41.3407212Z,0,0,10.000,43.000,0.000,0.000,0.000,0.000,0.000,10.788,158.195,36,2,1,1,0,0,345
2026-09-02T09:20:41.8565053Z,0,0,10.000,32.000,0.000,0.000,0.000,0.000,0.000,1.474,158.195,36,2,1,1,0,0,350
2026-09-02T09:20:42.3603169Z,0,0,10.000,34.000,0.000,0.000,0.000,0.000,0.000,11.885,158.137,35,2,1,1,0,0,354
2026-09-02T09:20:42.8628866Z,0,0,10.000,31.000,0.000,0.000,0.000,0.000,0.000,13.406,158.137,35,2,1,1,0,0,359
2026-09-02T09:20:43.3803908Z,0,0,10.000,33.000,0.000,0.000,0.000,0.000,0.000,6.487,158.156,36,2,1,1,0,0,363
2026-09-02T09:20:43.8844502Z,0,0,10.000,31.000,0.000,0.000,0.000,0.000,0.000,8.193,158.168,36,2,1,1,0,0,365
2026-09-02T09:20:44.3943588Z,0,0,10.000,31.000,0.000,0.000,0.000,0.000,0.000,9.895,158.180,36,2,1,1,0,0,370
2026-09-02T09:20:44.9073340Z,0,0,10.000,32.000,0.000,0.000,0.000,0.000,0.000,33.182,158.168,36,2,1,1,0,0,375
2026-09-02T09:20:45.4211731Z,0,0,10.000,43.000,0.000,0.000,0.000,0.000,0.000,10.980,158.168,36,2,1,1,0,0,379
2026-09-02T09:20:45.9356897Z,0,0,10.000,47.000,0.000,0.000,0.000,0.000,0.000,9.593,158.164,36,2,1,1,0,0,384
2026-09-02T09:20:46.4526987Z,0,0,10.000,32.000,0.000,0.000,0.000,0.000,0.000,4.324,158.188,36,2,1,1,0,0,389
2026-09-02T09:20:46.9574379Z,0,0,10.000,33.000,0.000,0.000,0.000,0.000,0.000,0.000,158.191,36,2,1,1,0,0,394
2026-09-02T09:20:47.4605009Z,0,0,10.000,31.000,0.000,0.000,0.000,0.000,0.000,0.000,158.191,36,2,1,1,0,0,398
2026-09-02T09:20:47.9669438Z,0,0,10.000,33.000,0.000,0.000,0.000,0.000,0.000,4.768,158.191,36,2,1,1,0,0,402
2026-09-02T09:20:48.4817779Z,0,0,10.000,31.000,0.000,0.000,0.000,0.000,0.000,20.721,158.191,36,2,1,1,0,0,408
2026-09-02T09:20:48.9921600Z,0,0,10.000,49.000,0.000,0.000,0.000,0.000,0.000,10.078,158.191,36,2,1,1,0,0,412
2026-09-02T09:20:49.5088651Z,0,0,10.000,32.000,0.000,0.000,0.000,0.000,0.000,14.356,158.191,36,2,1,1,0,0,417
2026-09-02T09:20:50.0229727Z,0,0,10.000,43.000,0.000,0.000,0.000,0.000,0.000,10.565,158.176,35,2,1,1,0,0,422
2026-09-02T09:20:50.5408119Z,0,0,10.000,31.000,0.000,0.000,0.000,0.000,0.000,0.000,158.184,35,2,1,1,0,0,428
2026-09-02T09:20:51.0589988Z,0,0,10.000,33.000,0.000,0.000,0.000,0.000,0.000,14.431,158.230,35,2,1,1,0,0,432
2026-09-02T09:20:51.5664767Z,0,0,10.000,32.000,0.000,0.000,0.000,0.000,0.000,34.987,158.203,35,2,1,1,0,0,437
2026-09-02T09:20:52.0695259Z,0,0,10.000,33.000,0.000,0.000,0.000,0.000,0.000,0.000,158.219,36,2,1,1,0,0,442
2026-09-02T09:20:52.5851887Z,0,0,10.000,35.000,0.000,0.000,0.000,0.000,0.000,7.347,158.246,36,2,1,1,0,0,446
2026-09-02T09:20:53.0965796Z,0,0,10.000,33.000,0.000,0.000,0.000,0.000,0.000,0.000,158.250,36,2,1,1,0,0,451
2026-09-02T09:20:53.6083959Z,0,0,10.000,32.000,0.000,0.000,0.000,0.000,0.000,18.023,158.195,33,2,1,1,0,0,456
2026-09-02T09:20:54.1205963Z,0,0,10.000,32.000,0.000,0.000,0.000,0.000,0.000,14.972,158.215,33,2,1,1,0,0,461
2026-09-02T09:20:54.6252540Z,0,0,10.000,31.000,0.000,0.000,0.000,0.000,0.000,9.915,158.180,33,2,1,1,0,0,466
2026-09-02T09:20:55.1278067Z,0,0,10.000,32.000,0.000,0.000,0.000,0.000,0.000,0.000,158.211,33,2,1,1,0,0,471
2026-09-02T09:20:55.6329244Z,0,0,10.000,32.000,0.000,0.000,0.000,0.000,0.000,20.443,158.211,33,2,1,1,0,0,476
2026-09-02T09:20:56.1380581Z,0,0,10.000,36.000,0.000,0.000,0.000,0.000,0.000,20.762,158.461,33,2,1,1,0,0,480
2026-09-02T09:20:56.6420143Z,0,0,10.000,35.000,0.000,0.000,0.000,0.000,0.000,18.644,158.457,32,2,1,1,0,0,485
2026-09-02T09:20:57.1479104Z,0,0,10.000,34.000,0.000,0.000,0.000,0.000,0.000,0.000,158.418,31,2,1,1,0,0,490
2026-09-02T09:20:57.6651400Z,0,0,10.000,32.000,0.000,0.000,0.000,0.000,0.000,0.000,158.438,31,2,1,1,0,0,495
2026-09-02T09:20:58.1818613Z,0,0,10.000,49.000,0.000,0.000,0.000,0.000,0.000,11.865,158.461,32,2,1,1,0,0,499
2026-09-02T09:20:58.6975860Z,0,0,10.000,33.000,0.000,0.000,0.000,0.000,0.000,26.312,158.473,32,2,1,1,0,0,505
2026-09-02T09:20:59.2102559Z,0,0,10.000,32.000,0.000,0.000,0.000,0.000,0.000,32.226,158.469,32,2,1,1,0,0,510
2026-09-02T09:20:59.7267590Z,0,0,10.000,33.000,0.000,0.000,0.000,0.000,0.000,14.446,158.469,32,2,1,1,0,0,514
2026-09-02T09:21:00.2294026Z,0,0,10.000,32.000,0.000,0.000,0.000,0.000,0.000,6.400,158.469,32,2,1,1,0,0,519
2026-09-02T09:21:00.7351848Z,0,0,10.000,36.000,0.000,0.000,0.000,0.000,0.000,15.750,158.473,32,2,1,1,0,0,524
2026-09-02T09:21:01.2400836Z,0,0,10.000,32.000,0.000,0.000,0.000,0.000,0.000,4.034,158.473,31,2,1,1,0,0,528
2026-09-02T09:21:01.7437160Z,0,0,10.000,33.000,0.000,0.000,0.000,0.000,0.000,0.000,158.445,31,2,1,1,0,0,532
2026-09-02T09:21:02.2585940Z,0,0,10.000,36.000,0.000,0.000,0.000,0.000,0.000,0.556,158.227,31,2,1,1,0,0,538
2026-09-02T09:21:02.7722431Z,0,0,10.000,34.000,0.000,0.000,0.000,0.000,0.000,8.611,158.484,31,2,1,1,0,0,542
2026-09-02T09:21:03.2854860Z,0,0,10.000,32.000,0.000,0.000,0.000,0.000,0.000,1.646,158.484,31,2,1,1,0,0,547
2026-09-02T09:21:03.7997278Z,0,0,10.000,47.000,0.000,0.000,0.000,0.000,0.000,2.579,158.516,32,2,1,1,0,0,552
2026-09-02T09:21:04.3156927Z,0,0,10.000,31.000,0.000,0.000,0.000,0.000,0.000,3.035,158.266,32,2,1,1,0,0,556
2026-09-02T09:21:04.8201764Z,0,0,10.000,43.000,0.000,0.000,0.000,0.000,0.000,0.000,158.512,32,2,1,1,0,0,561
2026-09-02T09:21:05.3234205Z,0,0,10.000,31.000,0.000,0.000,0.000,0.000,0.000,5.833,158.504,32,2,1,1,0,0,566
2026-09-02T09:21:05.8277651Z,0,0,10.000,33.000,0.000,0.000,0.000,0.000,0.000,5.140,158.492,32,2,1,1,0,0,570
2026-09-02T09:21:06.3436969Z,0,0,10.000,30.000,0.000,0.000,0.000,0.000,0.000,3.484,158.797,32,2,1,1,0,0,575
2026-09-02T09:21:06.8580804Z,0,0,10.000,46.000,0.000,0.000,0.000,0.000,0.000,10.049,158.801,32,2,1,1,0,0,580
2026-09-02T09:21:07.3677168Z,0,0,10.000,31.000,0.000,0.000,0.000,0.000,0.000,2.958,158.809,32,2,1,1,0,0,585
2026-09-02T09:21:07.8827952Z,0,0,10.000,31.000,0.000,0.000,0.000,0.000,0.000,5.392,158.824,32,2,1,1,0,0,589
2026-09-02T09:21:08.3983595Z,0,0,10.000,47.000,0.000,0.000,0.000,0.000,0.000,6.589,158.832,32,2,1,1,0,0,594
2026-09-02T09:21:08.9007217Z,0,0,10.000,34.000,0.000,0.000,0.000,0.000,0.000,1.778,158.805,32,2,1,1,0,0,599
2026-09-02T09:21:09.4051853Z,0,0,10.000,31.000,0.000,0.000,0.000,0.000,0.000,21.980,158.820,32,2,1,1,0,0,604
2026-09-02T09:21:09.9211409Z,0,0,10.000,33.000,0.000,0.000,0.000,0.000,0.000,5.810,158.824,32,2,1,1,0,0,608
2026-09-02T09:21:10.4331348Z,0,0,10.000,33.000,0.000,0.000,0.000,0.000,0.000,12.461,158.809,32,2,1,1,0,0,613
2026-09-02T09:21:10.9504549Z,0,0,10.000,50.000,0.000,0.000,0.000,0.000,0.000,9.993,158.586,32,2,1,1,0,0,617
2026-09-02T09:21:11.4641424Z,0,0,10.000,31.000,0.000,0.000,0.000,0.000,0.000,6.520,158.832,32,2,1,1,0,0,622
2026-09-02T09:21:11.9792598Z,0,0,10.000,34.000,0.000,0.000,0.000,0.000,0.000,7.199,158.840,32,2,1,1,0,0,627
2026-09-02T09:21:12.4974848Z,0,0,10.000,32.000,0.000,0.000,0.000,0.000,0.000,4.114,158.809,32,2,1,1,0,0,632
2026-09-02T09:21:13.0040704Z,0,0,10.000,43.000,0.000,0.000,0.000,0.000,0.000,0.000,158.812,32,2,1,1,0,0,637
2026-09-02T09:21:13.5095171Z,0,0,10.000,32.000,0.000,0.000,0.000,0.000,0.000,10.494,158.812,32,2,1,1,0,0,641
2026-09-02T09:21:14.0146030Z,0,0,10.000,48.000,0.000,0.000,0.000,0.000,0.000,20.998,157.355,31,2,1,1,0,0,646
2026-09-02T09:21:14.5265827Z,0,0,10.000,32.000,0.000,0.000,0.000,0.000,0.000,7.430,157.363,31,2,1,1,0,0,651
2026-09-02T09:21:15.0407471Z,0,0,10.000,34.000,0.000,0.000,0.000,0.000,0.000,6.271,157.402,31,2,1,1,0,0,655
2026-09-02T09:21:15.5565539Z,0,0,10.000,33.000,0.000,0.000,0.000,0.000,0.000,2.980,157.613,31,2,1,1,0,0,659
2026-09-02T09:21:16.0658588Z,0,0,10.000,36.000,0.000,0.000,0.000,0.000,0.000,1.821,157.609,31,2,1,1,0,0,665
2026-09-02T09:21:16.5710017Z,0,0,10.000,47.000,0.000,0.000,0.000,0.000,0.000,24.984,157.617,31,2,1,1,0,0,669
2026-09-02T09:21:17.0782042Z,0,0,10.000,32.000,0.000,0.000,0.000,0.000,0.000,17.614,157.883,31,2,1,1,0,0,674
2026-09-02T09:21:17.5820945Z,0,0,10.000,32.000,0.000,0.000,0.000,0.000,0.000,6.435,157.883,31,2,1,1,0,0,678
2026-09-02T09:21:18.0932050Z,0,0,10.000,44.000,0.000,0.000,0.000,0.000,0.000,35.595,158.059,31,2,1,1,0,0,683
2026-09-02T09:21:18.6052267Z,0,0,10.000,37.000,0.000,0.000,0.000,0.000,0.000,20.570,158.062,31,2,1,1,0,0,688
2026-09-02T09:21:19.1168900Z,0,0,10.000,35.000,0.000,0.000,0.000,0.000,0.000,10.222,158.055,31,2,1,1,0,0,693
2026-09-02T09:21:19.6279934Z,0,0,10.000,34.000,0.000,0.000,0.000,0.000,0.000,29.331,158.059,31,2,1,1,0,0,698
2026-09-02T09:21:20.1398651Z,0,0,10.000,33.000,0.000,0.000,0.000,0.000,0.000,17.158,159.320,32,3,2,1,0,0,703
2026-09-02T09:21:20.6485195Z,0,0,10.000,32.000,0.000,0.000,0.000,0.000,0.000,1.831,159.320,32,3,2,1,0,0,707
2026-09-02T09:21:21.1550854Z,0,0,10.000,33.000,0.000,0.000,0.000,0.000,0.000,15.938,159.320,32,3,2,1,0,0,712
2026-09-02T09:21:21.6712541Z,0,0,10.000,34.000,0.000,0.000,0.000,0.000,0.000,18.134,159.320,32,3,2,1,0,0,717
2026-09-02T09:21:22.1889470Z,0,0,10.000,33.000,0.000,0.000,0.000,0.000,0.000,34.619,159.320,32,3,2,1,0,0,722
2026-09-02T09:21:22.7026000Z,0,0,10.000,47.000,0.000,0.000,0.000,0.000,0.000,6.948,159.098,32,3,2,1,0,0,727
2026-09-02T09:21:23.2175481Z,0,0,10.000,32.000,0.000,0.000,0.000,0.000,0.000,9.947,159.336,32,3,2,1,0,0,732
2026-09-02T09:21:23.7302366Z,0,0,10.000,32.000,0.000,0.000,0.000,0.000,0.000,0.000,159.340,32,3,2,1,0,0,737
2026-09-02T09:21:24.2442143Z,0,0,10.000,31.000,0.000,0.000,0.000,0.000,0.000,4.591,159.301,31,3,2,1,0,0,742
2026-09-02T09:21:24.7492247Z,0,0,10.000,33.000,0.000,0.000,0.000,0.000,0.000,12.004,159.379,32,3,2,1,0,0,747
2026-09-02T09:21:25.2550584Z,0,0,10.000,32.000,0.000,0.000,0.000,0.000,0.000,10.964,159.379,32,3,2,1,0,0,752
2026-09-02T09:21:25.7575778Z,0,0,10.000,33.000,0.000,0.000,0.000,0.000,0.000,28.694,159.379,32,3,2,1,0,0,757
2026-09-02T09:21:26.2609844Z,0,0,10.000,46.000,0.000,0.000,0.000,0.000,0.000,16.312,159.379,32,3,2,1,0,0,761
2026-09-02T09:21:26.7661392Z,0,0,10.000,32.000,0.000,0.000,0.000,0.000,0.000,17.777,159.379,32,3,2,1,0,0,766
2026-09-02T09:21:27.2803680Z,0,0,10.000,31.000,0.000,0.000,0.000,0.000,0.000,28.630,159.379,32,3,2,1,0,0,771
2026-09-02T09:21:27.7877779Z,0,0,10.000,32.000,0.000,0.000,0.000,0.000,0.000,5.310,159.383,32,3,2,1,0,0,775
2026-09-02T09:21:28.3016137Z,0,0,10.000,32.000,0.000,0.000,0.000,0.000,0.000,3.978,159.383,32,3,2,1,0,0,780
2026-09-02T09:21:28.8145765Z,0,0,10.000,32.000,0.000,0.000,0.000,0.000,0.000,0.000,159.355,31,3,2,1,0,0,785
2026-09-02T09:21:29.3270025Z,0,0,10.000,32.000,0.000,0.000,0.000,0.000,0.000,18.592,159.355,31,3,2,1,0,0,789
2026-09-02T09:21:29.8447071Z,0,0,10.000,31.000,0.000,0.000,0.000,0.000,0.000,14.217,159.355,31,3,2,1,0,0,794
2026-09-02T09:21:30.3470098Z,0,0,10.000,33.000,0.000,0.000,0.000,0.000,0.000,12.211,159.367,31,3,2,1,0,0,799
2026-09-02T09:21:30.8491190Z,0,0,10.000,32.000,0.000,0.000,0.000,0.000,0.000,11.765,159.367,31,3,2,1,0,0,804
2026-09-02T09:21:31.3511050Z,0,0,10.000,32.000,0.000,0.000,0.000,0.000,0.000,0.000,159.367,31,3,2,1,0,0,809
2026-09-02T09:21:31.8527715Z,0,0,10.000,31.000,0.000,0.000,0.000,0.000,0.000,7.132,159.367,31,3,2,1,0,0,814
2026-09-02T09:21:32.3691284Z,0,0,10.000,32.000,0.000,0.000,0.000,0.000,0.000,2.454,159.145,31,3,2,1,0,0,819
2026-09-02T09:21:32.8781903Z,0,0,10.000,33.000,0.000,0.000,0.000,0.000,0.000,6.497,159.367,31,3,2,1,0,0,823
2026-09-02T09:21:33.3888645Z,0,0,10.000,50.000,0.000,0.000,0.000,0.000,0.000,20.748,159.367,31,3,2,1,0,0,828
2026-09-02T09:21:33.9048646Z,0,0,10.000,34.000,0.000,0.000,0.000,0.000,0.000,12.425,159.367,31,3,2,1,0,0,834
2026-09-02T09:21:34.4218012Z,0,0,10.000,34.000,0.000,0.000,0.000,0.000,0.000,12.283,159.367,31,3,2,1,0,0,838
2026-09-02T09:21:34.9251640Z,0,0,10.000,43.000,0.000,0.000,0.000,0.000,0.000,4.755,159.367,31,3,2,1,0,0,843
2026-09-02T09:21:35.4293175Z,0,0,10.000,31.000,0.000,0.000,0.000,0.000,0.000,7.768,159.371,31,3,2,1,0,0,848
2026-09-02T09:21:35.9307836Z,0,0,10.000,33.000,0.000,0.000,0.000,0.000,0.000,1.857,159.371,31,3,2,1,0,0,853
2026-09-02T09:21:36.4446880Z,0,0,10.000,34.000,0.000,0.000,0.000,0.000,0.000,0.000,159.371,31,3,2,1,0,0,858
2026-09-02T09:21:36.9568097Z,0,0,10.000,33.000,0.000,0.000,0.000,0.000,0.000,9.767,159.371,31,3,2,1,0,0,863
2026-09-02T09:21:37.4696222Z,0,0,10.000,32.000,0.000,0.000,0.000,0.000,0.000,6.857,159.406,31,3,2,1,0,0,867
2026-09-02T09:21:37.9852278Z,0,0,10.000,34.000,0.000,0.000,0.000,0.000,0.000,13.146,159.391,31,3,2,1,0,0,872
2026-09-02T09:21:38.4896351Z,0,0,10.000,33.000,0.000,0.000,0.000,0.000,0.000,1.077,159.391,31,3,2,1,0,0,878
2026-09-02T09:21:38.9918229Z,0,0,10.000,33.000,0.000,0.000,0.000,0.000,0.000,2.184,159.391,31,3,2,1,0,0,882
2026-09-02T09:21:39.4945797Z,0,0,10.000,32.000,0.000,0.000,0.000,0.000,0.000,3.577,159.391,31,3,2,1,0,0,887
2026-09-02T09:21:39.9994038Z,0,0,10.000,36.000,0.000,0.000,0.000,0.000,0.000,4.097,159.391,31,3,2,1,0,0,891
2026-09-02T09:21:40.5117769Z,0,0,10.000,33.000,0.000,0.000,0.000,0.000,0.000,7.614,159.391,31,3,2,1,0,0,896
2026-09-02T09:21:41.0201423Z,0,0,10.000,33.000,0.000,0.000,0.000,0.000,0.000,0.000,159.391,31,3,2,1,0,0,900
2026-09-02T09:21:41.5335735Z,0,0,10.000,32.000,0.000,0.000,0.000,0.000,0.000,0.000,159.410,32,3,2,1,0,0,905
2026-09-02T09:21:42.0466164Z,0,0,10.000,33.000,0.000,0.000,0.000,0.000,0.000,14.363,159.191,32,3,2,1,0,0,910
2026-09-02T09:21:42.5495060Z,0,0,10.000,32.000,0.000,0.000,0.000,0.000,0.000,6.851,159.492,32,3,2,1,0,0,915
2026-09-02T09:21:43.0539895Z,0,0,10.000,32.000,0.000,0.000,0.000,0.000,0.000,6.602,159.492,32,3,2,1,0,0,919
2026-09-02T09:21:43.5596165Z,0,0,10.000,32.000,0.000,0.000,0.000,0.000,0.000,10.966,159.492,32,3,2,1,0,0,923
2026-09-02T09:21:44.0654405Z,0,0,10.000,49.000,0.000,0.000,0.000,0.000,0.000,2.565,159.492,32,3,2,1,0,0,928
2026-09-02T09:21:44.5683228Z,0,0,10.000,45.000,0.000,0.000,0.000,0.000,0.000,12.861,159.602,32,3,2,1,0,0,933
2026-09-02T09:21:45.0737458Z,0,0,10.000,36.000,0.000,0.000,0.000,0.000,0.000,20.723,159.602,32,3,2,1,0,0,937
2026-09-02T09:21:45.5870560Z,0,0,10.000,33.000,0.000,0.000,0.000,0.000,0.000,2.610,159.301,32,3,2,1,0,0,942
2026-09-02T09:21:46.1002389Z,0,0,10.000,43.000,0.000,0.000,0.000,0.000,0.000,10.373,159.520,32,3,2,1,0,0,947
2026-09-02T09:21:46.6146648Z,0,0,10.000,54.000,0.000,0.000,0.000,0.000,0.000,29.504,159.520,32,3,2,1,0,0,952
2026-09-02T09:21:47.1252226Z,0,0,10.000,32.000,0.000,0.000,0.000,0.000,0.000,9.908,159.520,32,3,2,1,0,0,957
2026-09-02T09:21:47.6271533Z,0,0,10.000,32.000,0.000,0.000,0.000,0.000,0.000,1.938,159.520,32,3,2,1,0,0,962
2026-09-02T09:21:48.1410923Z,0,0,10.000,31.000,0.000,0.000,0.000,0.000,0.000,15.913,159.520,32,3,2,1,0,0,967
2026-09-02T09:21:48.6550670Z,0,0,10.000,33.000,0.000,0.000,0.000,0.000,0.000,17.764,159.523,32,3,2,1,0,0,972
2026-09-02T09:21:49.1734646Z,0,0,10.000,48.000,0.000,0.000,0.000,0.000,0.000,12.361,159.270,31,3,2,1,0,0,977
2026-09-02T09:21:49.6882599Z,0,0,10.000,33.000,0.000,0.000,0.000,0.000,0.000,23.271,159.488,31,3,2,1,0,0,982
2026-09-02T09:21:50.2043355Z,0,0,10.000,33.000,0.000,0.000,0.000,0.000,0.000,100.000,159.488,31,3,2,1,0,0,987
2026-09-02T09:21:50.7203866Z,0,0,10.000,34.000,0.000,0.000,0.000,0.000,0.000,16.724,159.488,31,3,2,1,0,0,991
2026-09-02T09:21:51.2252521Z,0,0,10.000,33.000,0.000,0.000,0.000,0.000,0.000,0.000,159.488,31,3,2,1,0,0,997
2026-09-02T09:21:51.7287184Z,0,0,10.000,58.000,0.000,0.000,0.000,0.000,0.000,33.323,159.488,31,3,2,1,0,0,1001
2026-09-02T09:21:52.2421364Z,0,0,10.000,32.000,0.000,0.000,0.000,0.000,0.000,5.899,159.488,31,3,2,1,0,0,1006
2026-09-02T09:21:52.7570644Z,0,0,10.000,44.000,0.000,0.000,0.000,0.000,0.000,1.769,159.531,31,3,2,1,0,0,1011
2026-09-02T09:21:53.2740694Z,0,0,10.000,35.000,0.000,0.000,0.000,0.000,0.000,24.058,159.508,30,3,2,1,0,0,1016
2026-09-02T09:21:53.7873463Z,0,0,10.000,33.000,0.000,0.000,0.000,0.000,0.000,0.000,159.664,31,3,2,1,0,0,1021
2026-09-02T09:21:54.3012475Z,0,0,10.000,49.000,0.000,0.000,0.000,0.000,0.000,15.009,159.668,31,3,2,1,0,0,1025
2026-09-02T09:21:54.8194521Z,0,0,10.000,32.000,0.000,0.000,0.000,0.000,0.000,0.000,159.680,31,3,2,1,0,0,1031
2026-09-02T09:21:55.3357528Z,0,0,10.000,39.000,0.000,0.000,0.000,0.000,0.000,10.692,159.680,31,3,2,1,0,0,1035
2026-09-02T09:21:55.8440613Z,0,0,10.000,46.000,0.000,0.000,0.000,0.000,0.000,23.041,159.680,31,3,2,1,0,0,1040
2026-09-02T09:21:56.3469607Z,0,0,10.000,52.000,0.000,0.000,0.000,0.000,0.000,0.000,159.680,31,3,2,1,0,0,1045
2026-09-02T09:21:56.8608085Z,0,0,10.000,31.000,0.000,0.000,0.000,0.000,0.000,79.972,159.684,31,3,2,1,0,0,1050
2026-09-02T09:21:57.3641542Z,0,0,10.000,32.000,0.000,0.000,0.000,0.000,0.000,0.000,159.684,31,3,2,1,0,0,1055
2026-09-02T09:21:57.8996570Z,0,0,10.000,41.000,0.000,0.000,0.000,0.000,0.000,46.964,159.441,30,3,2,1,0,0,1059
2026-09-02T09:21:58.4117232Z,0,0,10.000,36.000,0.000,0.000,0.000,0.000,0.000,22.095,159.660,30,3,2,1,0,0,1064
2026-09-02T09:21:58.9275058Z,0,0,10.000,34.000,0.000,0.000,0.000,0.000,0.000,0.000,159.660,30,3,2,1,0,0,1069
2026-09-02T09:21:59.4347342Z,0,0,10.000,48.000,0.000,0.000,0.000,0.000,0.000,34.910,159.660,30,3,2,1,0,0,1074
2026-09-02T09:21:59.9419645Z,0,0,10.000,44.000,0.000,0.000,0.000,0.000,0.000,18.441,159.660,30,3,2,1,0,0,1078
2026-09-02T09:22:00.4477685Z,0,0,10.000,41.000,0.000,0.000,0.000,0.000,0.000,8.459,159.664,30,3,2,1,0,0,1083
2026-09-02T09:22:00.9526309Z,0,0,10.000,37.000,0.000,0.000,0.000,0.000,0.000,100.000,159.695,30,4,2,1,0,0,1088
2026-09-02T09:22:01.4586154Z,0,0,10.000,48.000,0.000,0.000,0.000,0.000,0.000,11.994,159.695,30,4,2,1,0,0,1092
2026-09-02T09:22:01.9647940Z,0,0,10.000,31.000,0.000,0.000,0.000,0.000,0.000,5.277,159.695,30,4,2,1,0,0,1097
2026-09-02T09:22:02.4803207Z,0,0,10.000,35.000,0.000,0.000,0.000,0.000,0.000,78.305,159.695,30,4,2,1,0,0,1102
2026-09-02T09:22:02.9877194Z,0,0,10.000,38.000,0.000,0.000,0.000,0.000,0.000,3.025,159.695,30,4,2,1,0,0,1107
2026-09-02T09:22:03.4915158Z,0,0,10.000,31.000,0.000,0.000,0.000,0.000,0.000,13.492,159.695,30,4,2,1,0,0,1112
2026-09-02T09:22:03.9953169Z,0,0,10.000,31.000,0.000,0.000,0.000,0.000,0.000,4.001,159.711,31,4,2,1,0,0,1116
2026-09-02T09:22:04.5114613Z,0,0,10.000,34.000,0.000,0.000,0.000,0.000,0.000,27.187,159.711,31,4,2,1,0,0,1120
2026-09-02T09:22:05.0167309Z,0,0,10.000,43.000,0.000,0.000,0.000,0.000,0.000,25.050,159.711,31,4,2,1,0,0,1125
2026-09-02T09:22:05.5198383Z,0,0,10.000,41.000,0.000,0.000,0.000,0.000,0.000,23.280,159.711,31,4,2,1,0,0,1129
2026-09-02T09:22:06.0257170Z,0,0,10.000,39.000,0.000,0.000,0.000,0.000,0.000,8.712,159.711,31,4,2,1,0,0,1134
2026-09-02T09:22:06.5313423Z,0,0,10.000,33.000,0.000,0.000,0.000,0.000,0.000,49.058,159.711,31,4,2,1,0,0,1140
2026-09-02T09:22:07.0382101Z,0,0,10.000,34.000,0.000,0.000,0.000,0.000,0.000,8.674,159.711,31,4,2,1,0,0,1144
2026-09-02T09:22:07.5461114Z,0,0,10.000,31.000,0.000,0.000,0.000,0.000,0.000,30.907,159.652,27,4,2,1,0,0,1150
2026-09-02T09:22:08.0527079Z,0,0,10.000,37.000,0.000,0.000,0.000,0.000,0.000,23.205,159.434,27,4,2,1,0,0,1154
2026-09-02T09:22:08.5595381Z,0,0,10.000,31.000,0.000,0.000,0.000,0.000,0.000,5.425,159.652,27,4,2,1,0,0,1159
2026-09-02T09:22:09.0614438Z,0,0,10.000,44.000,0.000,0.000,0.000,0.000,0.000,52.646,159.652,27,4,2,1,0,0,1164
2026-09-02T09:22:09.5671417Z,0,0,10.000,31.000,0.000,0.000,0.000,0.000,0.000,0.000,159.652,27,4,2,1,0,0,1169
2026-09-02T09:22:10.0788424Z,0,0,10.000,34.000,0.000,0.000,0.000,0.000,0.000,8.956,159.656,27,4,2,1,0,0,1173
2026-09-02T09:22:10.5890139Z,0,0,10.000,33.000,0.000,0.000,0.000,0.000,0.000,7.269,159.656,27,4,2,1,0,0,1177
2026-09-02T09:22:11.0990461Z,0,0,10.000,48.000,0.000,0.000,0.000,0.000,0.000,22.097,159.656,27,4,2,1,0,0,1182
2026-09-02T09:22:11.6150010Z,0,0,10.000,47.000,0.000,0.000,0.000,0.000,0.000,7.394,159.656,27,4,2,1,0,0,1187
2026-09-02T09:22:12.1279264Z,0,0,10.000,33.000,0.000,0.000,0.000,0.000,0.000,19.514,159.656,27,4,2,1,0,0,1192
2026-09-02T09:22:12.6318525Z,0,0,10.000,42.000,0.000,0.000,0.000,0.000,0.000,2.726,159.660,27,4,2,1,0,0,1196
2026-09-02T09:22:13.1361224Z,0,0,10.000,34.000,0.000,0.000,0.000,0.000,0.000,0.000,159.660,27,4,2,1,0,0,1201
2026-09-02T09:22:13.6517139Z,0,0,10.000,46.000,0.000,0.000,0.000,0.000,0.000,15.035,159.465,28,4,2,1,0,0,1205
2026-09-02T09:22:14.1692928Z,0,0,10.000,49.000,0.000,0.000,0.000,0.000,0.000,11.763,159.688,28,4,2,1,0,0,1210
2026-09-02T09:22:14.6767589Z,0,0,10.000,45.000,0.000,0.000,0.000,0.000,0.000,11.963,159.691,28,4,2,1,0,0,1215
2026-09-02T09:22:15.1794653Z,0,0,10.000,31.000,0.000,0.000,0.000,0.000,0.000,1.580,159.691,28,4,2,1,0,0,1220
2026-09-02T09:22:15.6960610Z,0,0,10.000,32.000,0.000,0.000,0.000,0.000,0.000,2.364,159.691,28,4,2,1,0,0,1225
2026-09-02T09:22:16.2006911Z,0,0,10.000,43.000,0.000,0.000,0.000,0.000,0.000,17.597,159.691,28,4,2,1,0,0,1229
2026-09-02T09:22:16.7072467Z,0,0,10.000,44.000,0.000,0.000,0.000,0.000,0.000,36.406,159.691,28,4,2,1,0,0,1234
2026-09-02T09:22:17.2184348Z,0,0,10.000,42.000,0.000,0.000,0.000,0.000,0.000,9.540,159.691,28,4,2,1,0,0,1239
2026-09-02T09:22:17.7319704Z,0,0,10.000,40.000,0.000,0.000,0.000,0.000,0.000,18.699,159.668,27,4,2,1,0,0,1244
2026-09-02T09:22:18.2486650Z,0,0,10.000,35.000,0.000,0.000,0.000,0.000,0.000,7.620,159.668,27,4,2,1,0,0,1247
2026-09-02T09:22:18.7512109Z,0,0,10.000,41.000,0.000,0.000,0.000,0.000,0.000,15.257,159.668,27,4,2,1,0,0,1252
2026-09-02T09:22:19.2549671Z,0,0,10.000,33.000,0.000,0.000,0.000,0.000,0.000,3.571,159.668,27,4,2,1,0,0,1257
2026-09-02T09:22:19.7597072Z,0,0,10.000,33.000,0.000,0.000,0.000,0.000,0.000,4.638,159.668,27,4,2,1,0,0,1261
2026-09-02T09:22:20.2699196Z,0,0,10.000,53.000,0.000,0.000,0.000,0.000,0.000,24.412,159.668,27,4,2,1,0,0,1266
2026-09-02T09:22:20.7794647Z,0,0,10.000,38.000,0.000,0.000,0.000,0.000,0.000,65.742,159.668,27,4,2,1,0,0,1271
2026-09-02T09:22:21.2913834Z,0,0,10.000,45.000,0.000,0.000,0.000,0.000,0.000,28.612,159.668,27,4,2,1,0,0,1275
2026-09-02T09:22:21.8040928Z,0,0,10.000,40.000,0.000,0.000,0.000,0.000,0.000,21.894,159.668,27,4,2,1,0,0,1279
2026-09-02T09:22:22.3108019Z,0,0,10.000,32.000,0.000,0.000,0.000,0.000,0.000,17.585,159.668,27,4,2,1,0,0,1285
2026-09-02T09:22:22.8185288Z,0,0,10.000,36.000,0.000,0.000,0.000,0.000,0.000,24.534,159.676,27,4,2,1,0,0,1290
2026-09-02T09:22:23.3278126Z,0,0,10.000,38.000,0.000,0.000,0.000,0.000,0.000,23.497,159.676,27,4,2,1,0,0,1295
2026-09-02T09:22:23.8435311Z,0,0,10.000,37.000,0.000,0.000,0.000,0.000,0.000,11.653,159.676,27,4,2,1,0,0,1300
2026-09-02T09:22:24.3586915Z,0,0,10.000,33.000,0.000,0.000,0.000,0.000,0.000,13.824,159.676,27,4,2,1,0,0,1304
2026-09-02T09:22:24.8622892Z,0,0,10.000,37.000,0.000,0.000,0.000,0.000,0.000,5.986,159.676,27,4,2,1,0,0,1309
2026-09-02T09:22:25.3662428Z,0,0,10.000,46.000,0.000,0.000,0.000,0.000,0.000,16.367,159.676,27,4,2,1,0,0,1314
2026-09-02T09:22:25.8683968Z,0,0,10.000,36.000,0.000,0.000,0.000,0.000,0.000,47.009,159.676,27,4,2,1,0,0,1319
2026-09-02T09:22:26.3783835Z,0,0,10.000,42.000,0.000,0.000,0.000,0.000,0.000,0.000,159.699,27,4,2,1,0,0,1324
2026-09-02T09:22:26.8889794Z,0,0,10.000,50.000,0.000,0.000,0.000,0.000,0.000,50.575,159.711,27,4,2,1,0,0,1328
2026-09-02T09:22:27.3998037Z,0,0,10.000,49.000,0.000,0.000,0.000,0.000,0.000,29.286,159.688,27,4,2,1,0,0,1333
2026-09-02T09:22:27.9045301Z,0,0,10.000,36.000,0.000,0.000,0.000,0.000,0.000,34.910,159.688,27,4,2,1,0,0,1338
2026-09-02T09:22:28.4121462Z,0,0,10.000,49.000,0.000,0.000,0.000,0.000,0.000,13.757,159.688,27,4,2,1,0,0,1342
2026-09-02T09:22:28.9277030Z,0,0,10.000,31.000,0.000,0.000,0.000,0.000,0.000,0.000,159.711,27,4,2,1,0,0,1348
2026-09-02T09:22:29.4317282Z,0,0,10.000,37.000,0.000,0.000,0.000,0.000,0.000,13.688,159.711,27,4,2,1,0,0,1353
2026-09-02T09:22:29.9488568Z,0,0,10.000,33.000,0.000,0.000,0.000,0.000,0.000,19.473,159.836,27,4,2,1,0,0,1357
2026-09-02T09:22:30.4537630Z,0,0,10.000,48.000,0.000,0.000,0.000,0.000,0.000,24.181,159.867,29,4,2,1,0,0,1362
2026-09-02T09:22:30.9585000Z,0,0,10.000,32.000,0.000,0.000,0.000,0.000,0.000,16.900,159.961,29,4,2,1,0,0,1367
2026-09-02T09:22:31.4621756Z,0,0,10.000,42.000,0.000,0.000,0.000,0.000,0.000,7.480,159.602,29,4,2,1,0,0,1372
2026-09-02T09:22:31.9791446Z,0,0,10.000,38.000,0.000,0.000,0.000,0.000,0.000,8.280,159.824,29,4,2,1,0,0,1376
2026-09-02T09:22:32.4932577Z,0,0,10.000,44.000,0.000,0.000,0.000,0.000,0.000,8.190,159.824,29,4,2,1,0,0,1381
2026-09-02T09:22:33.0060840Z,0,0,10.000,33.000,0.000,0.000,0.000,0.000,0.000,32.479,159.824,29,4,2,1,0,0,1386
2026-09-02T09:22:33.5187119Z,0,0,10.000,33.000,0.000,0.000,0.000,0.000,0.000,3.604,159.871,29,4,2,1,0,0,1390
2026-09-02T09:22:34.0367125Z,0,0,10.000,44.000,0.000,0.000,0.000,0.000,0.000,13.287,159.871,29,4,2,1,0,0,1393
2026-09-02T09:22:34.5401787Z,0,0,10.000,39.000,0.000,0.000,0.000,0.000,0.000,18.095,159.871,29,4,2,1,0,0,1398
2026-09-02T09:22:35.0569959Z,0,0,10.000,43.000,0.000,0.000,0.000,0.000,0.000,23.269,159.871,29,4,2,1,0,0,1402
2026-09-02T09:22:35.5690151Z,0,0,10.000,31.000,0.000,0.000,0.000,0.000,0.000,16.314,159.871,29,4,2,1,0,0,1407
2026-09-02T09:22:36.0743400Z,0,0,10.000,33.000,0.000,0.000,0.000,0.000,0.000,7.298,159.871,29,4,2,1,0,0,1412
2026-09-02T09:22:36.5881096Z,0,0,10.000,31.000,0.000,0.000,0.000,0.000,0.000,1.959,159.871,29,4,2,1,0,0,1417
2026-09-02T09:22:37.1025621Z,0,0,10.000,44.000,0.000,0.000,0.000,0.000,0.000,13.388,159.871,29,4,2,1,0,0,1421
2026-09-02T09:22:37.6143047Z,0,0,10.000,31.000,0.000,0.000,0.000,0.000,0.000,0.000,159.871,29,4,2,1,0,0,1427
2026-09-02T09:22:38.1281092Z,0,0,10.000,33.000,0.000,0.000,0.000,0.000,0.000,0.000,159.871,29,4,2,1,0,0,1431
2026-09-02T09:22:38.6325088Z,0,0,10.000,32.000,0.000,0.000,0.000,0.000,0.000,24.334,159.871,29,4,2,1,0,0,1436
2026-09-02T09:22:39.1356171Z,0,0,10.000,33.000,0.000,0.000,0.000,0.000,0.000,10.657,159.871,29,4,2,1,0,0,1440
2026-09-02T09:22:39.6511539Z,0,0,10.000,33.000,0.000,0.000,0.000,0.000,0.000,3.027,159.871,29,4,2,1,0,0,1445
2026-09-02T09:22:40.1677999Z,0,0,10.000,49.000,0.000,0.000,0.000,0.000,0.000,29.124,159.977,29,4,2,1,0,0,1449
2026-09-02T09:22:40.6798891Z,0,0,10.000,31.000,0.000,0.000,0.000,0.000,0.000,0.399,159.852,29,4,2,1,0,0,1454
2026-09-02T09:22:41.1931185Z,0,0,10.000,35.000,0.000,0.000,0.000,0.000,0.000,0.000,159.852,29,4,2,1,0,0,1460
2026-09-02T09:22:41.7097678Z,0,0,10.000,32.000,0.000,0.000,0.000,0.000,0.000,100.000,159.871,29,4,2,1,0,0,1465
2026-09-02T09:22:42.2279890Z,0,0,10.000,48.000,0.000,0.000,0.000,0.000,0.000,20.574,159.871,29,4,2,1,0,0,1469
2026-09-02T09:22:42.7305897Z,0,0,10.000,38.000,0.000,0.000,0.000,0.000,0.000,17.156,159.871,29,4,2,1,0,0,1474
2026-09-02T09:22:43.2394401Z,0,0,10.000,31.000,0.000,0.000,0.000,0.000,0.000,17.879,159.871,29,4,2,1,0,0,1478
2026-09-02T09:22:43.7480774Z,0,0,10.000,42.000,0.000,0.000,0.000,0.000,0.000,23.412,159.871,29,4,2,1,0,0,1483
2026-09-02T09:22:44.2601618Z,0,0,10.000,36.000,0.000,0.000,0.000,0.000,0.000,25.953,159.871,29,4,2,1,0,0,1488
2026-09-02T09:22:44.7712345Z,0,0,10.000,33.000,0.000,0.000,0.000,0.000,0.000,67.454,159.883,29,5,2,1,0,0,1494
2026-09-02T09:22:45.2816173Z,0,0,10.000,31.000,0.000,0.000,0.000,0.000,0.000,28.994,159.883,29,5,2,1,0,0,1498
2026-09-02T09:22:45.7912593Z,0,0,10.000,32.000,0.000,0.000,0.000,0.000,0.000,16.551,159.883,29,5,2,1,0,0,1502
2026-09-02T09:22:46.2945041Z,0,0,10.000,31.000,0.000,0.000,0.000,0.000,0.000,16.977,159.883,29,5,2,1,0,0,1507
2026-09-02T09:22:46.8069027Z,0,0,10.000,34.000,0.000,0.000,0.000,0.000,0.000,33.476,159.883,29,5,2,1,0,0,1513
2026-09-02T09:22:47.3218442Z,0,0,10.000,31.000,0.000,0.000,0.000,0.000,0.000,15.853,159.883,29,5,2,1,0,0,1517
2026-09-02T09:22:47.8376344Z,0,0,10.000,37.000,0.000,0.000,0.000,0.000,0.000,17.124,159.883,29,5,2,1,0,0,1522
2026-09-02T09:22:48.3432067Z,0,0,10.000,38.000,0.000,0.000,0.000,0.000,0.000,22.801,160.016,29,5,2,1,0,0,1526
2026-09-02T09:22:48.8494059Z,0,0,10.000,32.000,0.000,0.000,0.000,0.000,0.000,18.875,159.992,28,5,2,1,0,0,1531
2026-09-02T09:22:49.3526858Z,0,0,10.000,36.000,0.000,0.000,0.000,0.000,0.000,7.439,159.992,28,5,2,1,0,0,1536
2026-09-02T09:22:49.8560560Z,0,0,10.000,43.000,0.000,0.000,0.000,0.000,0.000,26.566,159.992,28,5,2,1,0,0,1541
2026-09-02T09:22:50.3739599Z,0,0,10.000,49.000,0.000,0.000,0.000,0.000,0.000,34.355,160.008,29,5,2,1,0,0,1545
2026-09-02T09:22:50.8791794Z,0,0,10.000,46.000,0.000,0.000,0.000,0.000,0.000,16.396,160.008,29,5,2,1,0,0,1550
2026-09-02T09:22:51.3865555Z,0,0,10.000,48.000,0.000,0.000,0.000,0.000,0.000,25.612,160.008,29,5,2,1,0,0,1555
2026-09-02T09:22:51.8985887Z,0,0,10.000,33.000,0.000,0.000,0.000,0.000,0.000,10.499,160.008,29,5,2,1,0,0,1560
2026-09-02T09:22:52.4046678Z,0,0,10.000,34.000,0.000,0.000,0.000,0.000,0.000,6.512,160.008,29,5,2,1,0,0,1564
2026-09-02T09:22:52.9104456Z,0,0,10.000,31.000,0.000,0.000,0.000,0.000,0.000,8.183,160.008,29,5,2,1,0,0,1569
2026-09-02T09:22:53.4268557Z,0,0,10.000,33.000,0.000,0.000,0.000,0.000,0.000,12.009,160.008,29,5,2,1,0,0,1574
2026-09-02T09:22:53.9412113Z,0,0,10.000,31.000,0.000,0.000,0.000,0.000,0.000,0.000,160.008,29,5,2,1,0,0,1578
2026-09-02T09:22:54.4534100Z,0,0,10.000,31.000,0.000,0.000,0.000,0.000,0.000,31.579,160.008,29,5,2,1,0,0,1583
2026-09-02T09:22:54.9674648Z,0,0,10.000,32.000,0.000,0.000,0.000,0.000,0.000,16.279,160.008,29,5,2,1,0,0,1587
2026-09-02T09:22:55.4809466Z,0,0,10.000,43.000,0.000,0.000,0.000,0.000,0.000,25.501,160.008,29,5,2,1,0,0,1592
2026-09-02T09:22:55.9916804Z,0,0,10.000,40.000,0.000,0.000,0.000,0.000,0.000,31.417,160.012,29,5,2,1,0,0,1597
2026-09-02T09:22:56.5088561Z,0,0,10.000,49.000,0.000,0.000,0.000,0.000,0.000,39.179,160.012,29,5,2,1,0,0,1602
2026-09-02T09:22:57.0105544Z,0,0,10.000,33.000,0.000,0.000,0.000,0.000,0.000,16.643,160.012,29,5,2,1,0,0,1606
2026-09-02T09:22:57.5151010Z,0,0,10.000,50.000,0.000,0.000,0.000,0.000,0.000,65.253,160.012,29,5,2,1,0,0,1611
2026-09-02T09:22:58.0309216Z,0,0,10.000,33.000,0.000,0.000,0.000,0.000,0.000,21.217,160.012,29,5,2,1,0,0,1616
2026-09-02T09:22:58.5337341Z,0,0,10.000,46.000,0.000,0.000,0.000,0.000,0.000,27.184,160.012,29,5,2,1,0,0,1621
2026-09-02T09:22:59.0377122Z,0,0,10.000,50.000,0.000,0.000,0.000,0.000,0.000,15.419,160.020,29,5,2,1,0,0,1625
2026-09-02T09:22:59.5454310Z,0,0,10.000,33.000,0.000,0.000,0.000,0.000,0.000,16.749,160.020,29,5,2,1,0,0,1630
2026-09-02T09:23:00.0576877Z,0,0,10.000,49.000,0.000,0.000,0.000,0.000,0.000,25.680,160.020,29,5,2,1,0,0,1635
2026-09-02T09:23:00.5739385Z,0,0,10.000,33.000,0.000,0.000,0.000,0.000,0.000,20.461,160.020,29,5,2,1,0,0,1640
2026-09-02T09:23:01.0780311Z,0,0,10.000,46.000,0.000,0.000,0.000,0.000,0.000,51.178,160.020,29,5,2,1,0,0,1645
2026-09-02T09:23:01.5828975Z,0,0,10.000,33.000,0.000,0.000,0.000,0.000,0.000,13.956,160.020,29,5,2,1,0,0,1649
2026-09-02T09:23:02.0967577Z,0,0,10.000,43.000,0.000,0.000,0.000,0.000,0.000,16.203,160.020,29,5,2,1,0,0,1654
2026-09-02T09:23:02.6089891Z,0,0,10.000,43.000,0.000,0.000,0.000,0.000,0.000,33.779,160.020,29,5,2,1,0,0,1659
2026-09-02T09:23:03.1244198Z,0,0,10.000,38.000,0.000,0.000,0.000,0.000,0.000,42.155,160.031,29,5,2,1,0,0,1664
2026-09-02T09:23:03.6354730Z,0,0,10.000,31.000,0.000,0.000,0.000,0.000,0.000,0.000,160.031,29,5,2,1,0,0,1669
2026-09-02T09:23:05.6407451Z,0,0,10.000,42.000,0.000,0.000,0.000,0.000,0.000,25.898,160.031,29,5,2,1,0,0,1684
2026-09-02T09:23:06.1578804Z,0,0,10.000,43.000,0.000,0.000,0.000,0.000,0.000,33.508,160.062,30,5,2,1,0,0,1689
2026-09-02T09:23:06.6710194Z,0,0,10.000,32.000,0.000,0.000,0.000,0.000,0.000,17.671,160.062,30,5,2,1,0,0,1693
2026-09-02T09:23:07.1811090Z,0,0,10.000,31.000,0.000,0.000,0.000,0.000,0.000,5.886,160.062,30,5,2,1,0,0,1698
2026-09-02T09:23:07.6936091Z,0,0,10.000,41.000,0.000,0.000,0.000,0.000,0.000,14.508,160.062,30,5,2,1,0,0,1703
2026-09-02T09:23:08.2022764Z,0,0,10.000,34.000,0.000,0.000,0.000,0.000,0.000,24.098,160.062,30,5,2,1,0,0,1707
2026-09-02T09:23:08.7046591Z,0,0,10.000,31.000,0.000,0.000,0.000,0.000,0.000,1.389,160.062,30,5,2,1,0,0,1712
2026-09-02T09:23:09.2074469Z,0,0,10.000,31.000,0.000,0.000,0.000,0.000,0.000,2.366,160.070,30,5,2,1,0,0,1716
2026-09-02T09:23:09.7196990Z,0,0,10.000,31.000,0.000,0.000,0.000,0.000,0.000,19.473,160.070,30,5,2,1,0,0,1720
2026-09-02T09:23:10.2348196Z,0,0,10.000,31.000,0.000,0.000,0.000,0.000,0.000,27.907,160.047,29,5,2,1,0,0,1725
2026-09-02T09:23:10.7377617Z,0,0,10.000,32.000,0.000,0.000,0.000,0.000,0.000,20.764,160.047,29,5,2,1,0,0,1730
2026-09-02T09:23:11.2458322Z,0,0,10.000,35.000,0.000,0.000,0.000,0.000,0.000,59.319,160.047,29,5,2,1,0,0,1735
2026-09-02T09:23:11.7508701Z,0,0,10.000,35.000,0.000,0.000,0.000,0.000,0.000,54.323,160.047,29,5,2,1,0,0,1739
2026-09-02T09:23:12.2591815Z,0,0,10.000,40.000,0.000,0.000,0.000,0.000,0.000,7.036,160.047,29,5,2,1,0,0,1744
2026-09-02T09:23:12.7724525Z,0,0,10.000,42.000,0.000,0.000,0.000,0.000,0.000,24.259,160.047,29,5,2,1,0,0,1749
2026-09-02T09:23:13.2844561Z,0,0,10.000,33.000,0.000,0.000,0.000,0.000,0.000,14.707,160.047,29,5,2,1,0,0,1754
2026-09-02T09:23:13.7936616Z,0,0,10.000,42.000,0.000,0.000,0.000,0.000,0.000,53.072,160.047,29,5,2,1,0,0,1759
2026-09-02T09:23:14.3010083Z,0,0,10.000,35.000,0.000,0.000,0.000,0.000,0.000,15.085,160.051,29,5,2,1,0,0,1763
2026-09-02T09:23:14.8174887Z,0,0,10.000,42.000,0.000,0.000,0.000,0.000,0.000,2.997,160.051,29,5,2,1,0,0,1768
2026-09-02T09:23:15.3260292Z,0,0,10.000,44.000,0.000,0.000,0.000,0.000,0.000,20.266,160.051,29,5,2,1,0,0,1773
2026-09-02T09:23:15.8442286Z,0,0,10.000,43.000,0.000,0.000,0.000,0.000,0.000,25.535,160.051,29,5,2,1,0,0,1778
2026-09-02T09:23:16.3556550Z,0,0,10.000,33.000,0.000,0.000,0.000,0.000,0.000,26.789,160.039,29,5,2,1,0,0,1783
2026-09-02T09:23:16.8721353Z,0,0,10.000,45.000,0.000,0.000,0.000,0.000,0.000,12.634,160.039,29,5,2,1,0,0,1787
2026-09-02T09:23:17.3888530Z,0,0,10.000,33.000,0.000,0.000,0.000,0.000,0.000,9.626,160.039,29,5,2,1,0,0,1792
2026-09-02T09:23:17.8956354Z,0,0,10.000,44.000,0.000,0.000,0.000,0.000,0.000,46.746,160.039,29,5,2,1,0,0,1797
2026-09-02T09:23:18.4093474Z,0,0,10.000,32.000,0.000,0.000,0.000,0.000,0.000,9.715,160.039,29,5,2,1,0,0,1802
2026-09-02T09:23:18.9221125Z,0,0,10.000,33.000,0.000,0.000,0.000,0.000,0.000,19.123,160.039,29,5,2,1,0,0,1807
2026-09-02T09:23:19.4389871Z,0,0,10.000,37.000,0.000,0.000,0.000,0.000,0.000,30.960,160.039,29,5,2,1,0,0,1812
2026-09-02T09:23:19.9536705Z,0,0,10.000,33.000,0.000,0.000,0.000,0.000,0.000,59.783,160.062,30,5,2,1,0,0,1817
2026-09-02T09:23:20.4648584Z,0,0,10.000,33.000,0.000,0.000,0.000,0.000,0.000,10.275,160.070,30,5,2,1,0,0,1821
2026-09-02T09:23:20.9802607Z,0,0,10.000,40.000,0.000,0.000,0.000,0.000,0.000,14.112,160.070,30,5,2,1,0,0,1826
2026-09-02T09:23:21.4932950Z,0,0,10.000,36.000,0.000,0.000,0.000,0.000,0.000,3.021,160.070,30,5,2,1,0,0,1831
2026-09-02T09:23:21.9987006Z,0,0,10.000,32.000,0.000,0.000,0.000,0.000,0.000,25.391,160.070,30,5,2,1,0,0,1835
2026-09-02T09:23:22.5129623Z,0,0,10.000,45.000,0.000,0.000,0.000,0.000,0.000,8.084,160.082,30,5,2,1,0,0,1840
2026-09-02T09:23:23.0298522Z,0,0,10.000,47.000,0.000,0.000,0.000,0.000,0.000,20.623,160.090,30,5,2,1,0,0,1845
2026-09-02T09:23:23.5441929Z,0,0,10.000,34.000,0.000,0.000,0.000,0.000,0.000,11.442,160.090,30,5,2,1,0,0,1850
2026-09-02T09:23:24.0524668Z,0,0,10.000,39.000,0.000,0.000,0.000,0.000,0.000,17.985,160.066,29,5,2,1,0,0,1855
2026-09-02T09:23:24.5693380Z,0,0,10.000,33.000,0.000,0.000,0.000,0.000,0.000,0.000,160.066,29,5,2,1,0,0,1861
2026-09-02T09:23:25.0864963Z,0,0,10.000,32.000,0.000,0.000,0.000,0.000,0.000,2.349,160.066,29,5,2,1,0,0,1865
2026-09-02T09:23:25.5998515Z,0,0,10.000,48.000,0.000,0.000,0.000,0.000,0.000,34.911,160.066,29,5,2,1,0,0,1870
2026-09-02T09:23:26.1052099Z,0,0,10.000,34.000,0.000,0.000,0.000,0.000,0.000,19.882,160.066,29,5,2,1,0,0,1875
2026-09-02T09:23:26.6222024Z,0,0,10.000,32.000,0.000,0.000,0.000,0.000,0.000,16.314,160.066,29,6,2,1,0,0,1880
2026-09-02T09:23:27.1369521Z,0,0,10.000,39.000,0.000,0.000,0.000,0.000,0.000,41.417,160.094,29,6,2,1,0,0,1885
2026-09-02T09:23:27.6524200Z,0,0,10.000,50.000,0.000,0.000,0.000,0.000,0.000,16.966,160.094,29,6,2,1,0,0,1889
2026-09-02T09:23:28.1689647Z,0,0,10.000,38.000,0.000,0.000,0.000,0.000,0.000,41.444,160.094,29,6,2,1,0,0,1894
2026-09-02T09:23:28.6720618Z,0,0,10.000,48.000,0.000,0.000,0.000,0.000,0.000,100.000,160.094,29,6,2,1,0,0,1899
2026-09-02T09:23:29.1804278Z,0,0,10.000,32.000,0.000,0.000,0.000,0.000,0.000,5.268,160.094,29,6,2,1,0,0,1903
2026-09-02T09:23:29.6846701Z,0,0,10.000,34.000,0.000,0.000,0.000,0.000,0.000,8.143,160.094,29,6,2,1,0,0,1908
2026-09-02T09:23:30.1895774Z,0,0,10.000,47.000,0.000,0.000,0.000,0.000,0.000,0.000,160.094,29,6,2,1,0,0,1913
2026-09-02T09:23:30.6979106Z,0,0,10.000,41.000,0.000,0.000,0.000,0.000,0.000,36.881,160.094,29,6,2,1,0,0,1918
2026-09-02T09:23:31.2155822Z,0,0,10.000,38.000,0.000,0.000,0.000,0.000,0.000,8.384,160.121,30,6,2,1,0,0,1922
2026-09-02T09:23:31.7210625Z,0,0,10.000,31.000,0.000,0.000,0.000,0.000,0.000,14.393,160.129,30,6,2,1,0,0,1927
2026-09-02T09:23:32.2252289Z,0,0,10.000,49.000,0.000,0.000,0.000,0.000,0.000,9.255,160.129,30,6,2,1,0,0,1931
2026-09-02T09:23:32.7387144Z,0,0,10.000,40.000,0.000,0.000,0.000,0.000,0.000,0.000,160.129,30,6,2,1,0,0,1935
2026-09-02T09:23:33.2410978Z,0,0,10.000,32.000,0.000,0.000,0.000,0.000,0.000,18.466,160.129,30,6,2,1,0,0,1939
2026-09-02T09:23:33.7577643Z,0,0,10.000,31.000,0.000,0.000,0.000,0.000,0.000,1.086,160.129,30,6,2,1,0,0,1944
2026-09-02T09:23:34.2745589Z,0,0,10.000,39.000,0.000,0.000,0.000,0.000,0.000,0.000,160.129,30,6,2,1,0,0,1949
2026-09-02T09:23:34.7822744Z,0,0,10.000,32.000,0.000,0.000,0.000,0.000,0.000,27.475,160.129,30,6,2,1,0,0,1954
2026-09-02T09:23:35.2863875Z,0,0,10.000,31.000,0.000,0.000,0.000,0.000,0.000,0.722,160.129,30,6,2,1,0,0,1959
2026-09-02T09:23:35.8029145Z,0,0,10.000,31.000,0.000,0.000,0.000,0.000,0.000,6.984,160.117,30,6,2,1,0,0,1964
2026-09-02T09:23:36.3077923Z,0,0,10.000,31.000,0.000,0.000,0.000,0.000,0.000,28.503,160.117,30,6,2,1,0,0,1969
2026-09-02T09:23:36.8235964Z,0,0,10.000,37.000,0.000,0.000,0.000,0.000,0.000,20.834,160.117,30,6,2,1,0,0,1973
2026-09-02T09:23:37.3393449Z,0,0,10.000,46.000,0.000,0.000,0.000,0.000,0.000,14.425,160.117,30,6,2,1,0,0,1978
2026-09-02T09:23:37.8545451Z,0,0,10.000,47.000,0.000,0.000,0.000,0.000,0.000,18.520,160.117,30,6,2,1,0,0,1981
2026-09-02T09:23:38.3680385Z,0,0,10.000,33.000,0.000,0.000,0.000,0.000,0.000,12.433,160.090,29,6,2,1,0,0,1986
2026-09-02T09:23:38.8717555Z,0,0,10.000,32.000,0.000,0.000,0.000,0.000,0.000,10.159,160.125,29,6,2,1,0,0,1990
2026-09-02T09:23:39.3865035Z,0,0,10.000,31.000,0.000,0.000,0.000,0.000,0.000,10.354,160.125,29,6,2,1,0,0,1995
2026-09-02T09:23:39.8896828Z,0,0,10.000,31.000,0.000,0.000,0.000,0.000,0.000,5.618,160.129,29,6,2,1,0,0,1999
2026-09-02T09:23:40.4047104Z,0,0,10.000,31.000,0.000,0.000,0.000,0.000,0.000,17.676,160.129,29,6,2,1,0,0,2004
2026-09-02T09:23:40.9157394Z,0,0,10.000,34.000,0.000,0.000,0.000,0.000,0.000,9.425,160.129,29,6,2,1,0,0,2008
2026-09-02T09:23:41.4298802Z,0,0,10.000,41.000,0.000,0.000,0.000,0.000,0.000,16.682,160.129,29,6,2,1,0,0,2013
2026-09-02T09:23:41.9348107Z,0,0,10.000,31.000,0.000,0.000,0.000,0.000,0.000,7.450,160.129,29,6,2,1,0,0,2018
2026-09-02T09:23:42.4398168Z,0,0,10.000,31.000,0.000,0.000,0.000,0.000,0.000,7.167,160.129,29,6,2,1,0,0,2023
2026-09-02T09:23:42.9428783Z,0,0,10.000,31.000,0.000,0.000,0.000,0.000,0.000,14.209,160.129,29,6,2,1,0,0,2027
2026-09-02T09:23:43.4499604Z,0,0,10.000,31.000,0.000,0.000,0.000,0.000,0.000,12.303,160.129,29,6,2,1,0,0,2032
2026-09-02T09:23:43.9551097Z,0,0,10.000,32.000,0.000,0.000,0.000,0.000,0.000,0.000,160.113,28,6,2,1,0,0,2036
2026-09-02T09:23:44.4586441Z,0,0,10.000,32.000,0.000,0.000,0.000,0.000,0.000,1.895,160.113,28,6,2,1,0,0,2038
2026-09-02T09:23:44.9625799Z,0,0,10.000,43.000,0.000,0.000,0.000,0.000,0.000,0.000,160.113,28,6,2,1,0,0,2041
2026-09-02T09:23:45.4669840Z,0,0,10.000,44.000,0.000,0.000,0.000,0.000,0.000,14.548,160.113,28,6,2,1,0,0,2044
2026-09-02T09:23:45.9700325Z,0,0,10.000,32.000,0.000,0.000,0.000,0.000,0.000,6.339,160.113,28,6,2,1,0,0,2047
2026-09-02T09:23:46.4851122Z,0,0,10.000,32.000,0.000,0.000,0.000,0.000,0.000,100.000,160.113,28,6,2,1,0,0,2051
2026-09-02T09:23:47.0006716Z,0,0,10.000,33.000,0.000,0.000,0.000,0.000,0.000,16.191,160.125,28,6,2,1,0,0,2054
2026-09-02T09:23:47.5162971Z,0,0,10.000,31.000,0.000,0.000,0.000,0.000,0.000,46.083,160.125,28,6,2,1,0,0,2057
2026-09-02T09:23:48.0296768Z,0,0,10.000,34.000,0.000,0.000,0.000,0.000,0.000,6.645,160.125,28,6,2,1,0,0,2060
2026-09-02T09:23:48.5346537Z,0,0,10.000,31.000,0.000,0.000,0.000,0.000,0.000,0.000,160.086,28,6,2,1,0,0,2065
2026-09-02T09:23:49.0397913Z,0,0,10.000,32.000,0.000,0.000,0.000,0.000,0.000,7.429,160.086,28,6,2,1,0,0,2069
2026-09-02T09:23:49.5437776Z,0,0,10.000,31.000,0.000,0.000,0.000,0.000,0.000,0.000,160.086,28,6,2,1,0,0,2074
2026-09-02T09:23:50.0489777Z,0,0,10.000,32.000,0.000,0.000,0.000,0.000,0.000,1.567,160.086,28,6,2,1,0,0,2078
2026-09-02T09:23:50.5654619Z,0,0,10.000,31.000,0.000,0.000,0.000,0.000,0.000,5.398,160.098,28,6,2,1,0,0,2083
2026-09-02T09:23:51.0776412Z,0,0,10.000,31.000,0.000,0.000,0.000,0.000,0.000,49.167,160.109,28,6,2,1,0,0,2088
2026-09-02T09:23:51.5802292Z,0,0,10.000,32.000,0.000,0.000,0.000,0.000,0.000,2.797,159.875,28,6,2,1,0,0,2092
2026-09-02T09:23:52.0836815Z,0,0,10.000,32.000,0.000,0.000,0.000,0.000,0.000,7.046,160.117,28,6,2,1,0,0,2097
2026-09-02T09:23:52.5884790Z,0,0,10.000,31.000,0.000,0.000,0.000,0.000,0.000,14.868,160.117,28,6,2,1,0,0,2102
2026-09-02T09:23:53.0925779Z,0,0,10.000,31.000,0.000,0.000,0.000,0.000,0.000,13.578,160.121,28,6,2,1,0,0,2107
2026-09-02T09:23:53.5969412Z,0,0,10.000,31.000,0.000,0.000,0.000,0.000,0.000,16.337,160.121,28,6,2,1,0,0,2112
2026-09-02T09:23:54.1018730Z,0,0,10.000,45.000,0.000,0.000,0.000,0.000,0.000,25.724,160.246,28,6,2,1,0,0,2116
2026-09-02T09:23:54.6051789Z,0,0,10.000,49.000,0.000,0.000,0.000,0.000,0.000,11.854,160.246,28,6,2,1,0,0,2120
2026-09-02T09:23:55.1181097Z,0,0,10.000,41.000,0.000,0.000,0.000,0.000,0.000,4.704,160.246,28,6,2,1,0,0,2125
2026-09-02T09:23:55.6322116Z,0,0,10.000,40.000,0.000,0.000,0.000,0.000,0.000,4.465,160.246,28,6,2,1,0,0,2130
2026-09-02T09:23:56.1452224Z,0,0,10.000,31.000,0.000,0.000,0.000,0.000,0.000,0.000,160.246,28,6,2,1,0,0,2135
2026-09-02T09:23:56.6511859Z,0,0,10.000,31.000,0.000,0.000,0.000,0.000,0.000,7.022,160.246,28,6,2,1,0,0,2139
2026-09-02T09:23:57.1551580Z,0,0,10.000,39.000,0.000,0.000,0.000,0.000,0.000,8.336,160.246,28,6,2,1,0,0,2142
2026-09-02T09:23:57.6609549Z,0,0,10.000,32.000,0.000,0.000,0.000,0.000,0.000,0.000,160.246,28,6,2,1,0,0,2148
2026-09-02T09:23:58.1772842Z,0,0,10.000,32.000,0.000,0.000,0.000,0.000,0.000,17.263,160.246,28,6,2,1,0,0,2153
2026-09-02T09:23:58.6940231Z,0,0,10.000,43.000,0.000,0.000,0.000,0.000,0.000,15.501,160.246,28,6,2,1,0,0,2158
2026-09-02T09:23:59.2096331Z,0,0,10.000,31.000,0.000,0.000,0.000,0.000,0.000,5.844,160.246,28,6,2,1,0,0,2163
2026-09-02T09:23:59.7261936Z,0,0,10.000,32.000,0.000,0.000,0.000,0.000,0.000,6.027,160.246,28,6,2,1,0,0,2167
2026-09-02T09:24:00.2318255Z,0,0,10.000,32.000,0.000,0.000,0.000,0.000,0.000,90.701,160.246,28,6,2,1,0,0,2172
2026-09-02T09:24:00.7350903Z,0,0,10.000,42.000,0.000,0.000,0.000,0.000,0.000,11.009,160.246,28,6,2,1,0,0,2176
2026-09-02T09:24:01.2443909Z,0,0,10.000,31.000,0.000,0.000,0.000,0.000,0.000,0.000,160.270,29,6,2,1,0,0,2181
2026-09-02T09:24:01.7473147Z,0,0,10.000,32.000,0.000,0.000,0.000,0.000,0.000,7.791,160.270,29,6,2,1,0,0,2186
2026-09-02T09:24:02.2649623Z,0,0,10.000,31.000,0.000,0.000,0.000,0.000,0.000,13.213,160.270,29,6,2,1,0,0,2191
2026-09-02T09:24:02.7673708Z,0,0,10.000,42.000,0.000,0.000,0.000,0.000,0.000,33.820,160.270,29,6,2,1,0,0,2195
2026-09-02T09:24:03.2717152Z,0,0,10.000,35.000,0.000,0.000,0.000,0.000,0.000,22.504,160.270,29,6,2,1,0,0,2200
2026-09-02T09:24:03.7782500Z,0,0,10.000,32.000,0.000,0.000,0.000,0.000,0.000,12.644,160.270,29,6,2,1,0,0,2205
2026-09-02T09:24:04.2962729Z,0,0,10.000,31.000,0.000,0.000,0.000,0.000,0.000,9.134,160.246,29,6,2,1,0,0,2209
2026-09-02T09:24:04.8087602Z,0,0,10.000,33.000,0.000,0.000,0.000,0.000,0.000,6.473,160.246,29,6,2,1,0,0,2214
2026-09-02T09:24:05.3257770Z,0,0,10.000,32.000,0.000,0.000,0.000,0.000,0.000,0.000,160.223,28,6,2,1,0,0,2219
2026-09-02T09:24:05.8369493Z,0,0,10.000,32.000,0.000,0.000,0.000,0.000,0.000,0.000,160.223,28,6,2,1,0,0,2223
2026-09-02T09:24:06.3405118Z,0,0,10.000,34.000,0.000,0.000,0.000,0.000,0.000,23.970,160.238,29,6,2,1,0,0,2228
2026-09-02T09:24:06.8444752Z,0,0,10.000,39.000,0.000,0.000,0.000,0.000,0.000,28.912,160.238,29,6,2,1,0,0,2233
2026-09-02T09:24:07.3493626Z,0,0,10.000,49.000,0.000,0.000,0.000,0.000,0.000,0.000,160.238,29,6,2,1,0,0,2238
2026-09-02T09:24:07.8563577Z,0,0,10.000,43.000,0.000,0.000,0.000,0.000,0.000,0.000,160.238,29,6,2,1,0,0,2242
2026-09-02T09:24:08.3650481Z,0,0,10.000,35.000,0.000,0.000,0.000,0.000,0.000,8.242,160.238,29,6,2,1,0,0,2245
2026-09-02T09:24:08.8698624Z,0,0,10.000,32.000,0.000,0.000,0.000,0.000,0.000,0.000,160.238,29,6,2,1,0,0,2249
2026-09-02T09:24:09.3747326Z,0,0,10.000,36.000,0.000,0.000,0.000,0.000,0.000,16.642,160.238,29,6,2,1,0,0,2252
2026-09-02T09:24:09.8842410Z,0,0,10.000,47.000,0.000,0.000,0.000,0.000,0.000,28.991,160.238,29,6,2,1,0,0,2258
2026-09-02T09:24:10.3866339Z,0,0,10.000,42.000,0.000,0.000,0.000,0.000,0.000,22.008,160.238,29,6,2,1,0,0,2263
2026-09-02T09:24:10.8995347Z,0,0,10.000,39.000,0.000,0.000,0.000,0.000,0.000,12.176,160.223,28,6,2,1,0,0,2267
2026-09-02T09:24:11.4157642Z,0,0,10.000,32.000,0.000,0.000,0.000,0.000,0.000,0.000,160.516,28,6,2,1,0,0,2272
2026-09-02T09:24:11.9195756Z,0,0,10.000,31.000,0.000,0.000,0.000,0.000,0.000,6.760,160.516,28,6,2,1,0,0,2277
2026-09-02T09:24:12.4339099Z,0,0,10.000,34.000,0.000,0.000,0.000,0.000,0.000,9.629,160.531,29,7,2,1,0,0,2282
2026-09-02T09:24:12.9489731Z,0,0,10.000,43.000,0.000,0.000,0.000,0.000,0.000,0.000,160.531,29,7,2,1,0,0,2286
2026-09-02T09:24:13.4640952Z,0,0,10.000,33.000,0.000,0.000,0.000,0.000,0.000,0.000,160.531,29,7,2,1,0,0,2291
2026-09-02T09:24:13.9678263Z,0,0,10.000,33.000,0.000,0.000,0.000,0.000,0.000,34.908,160.531,29,7,2,1,0,0,2295
2026-09-02T09:24:14.4806613Z,0,0,10.000,55.000,0.000,0.000,0.000,0.000,0.000,29.468,160.531,29,7,2,1,0,0,2301
2026-09-02T09:24:14.9836226Z,0,0,10.000,48.000,0.000,0.000,0.000,0.000,0.000,0.000,160.531,29,7,2,1,0,0,2306
2026-09-02T09:24:15.5010475Z,0,0,10.000,32.000,0.000,0.000,0.000,0.000,0.000,9.172,160.531,29,7,2,1,0,0,2311
2026-09-02T09:24:16.0170338Z,0,0,10.000,43.000,0.000,0.000,0.000,0.000,0.000,0.000,160.535,29,7,2,1,0,0,2316
2026-09-02T09:24:16.5224165Z,0,0,10.000,32.000,0.000,0.000,0.000,0.000,0.000,12.261,160.535,29,7,2,1,0,0,2322
2026-09-02T09:24:17.0247558Z,0,0,10.000,46.000,0.000,0.000,0.000,0.000,0.000,8.622,160.535,29,7,2,1,0,0,2327
2026-09-02T09:24:17.5418388Z,0,0,10.000,36.000,0.000,0.000,0.000,0.000,0.000,2.228,160.535,29,7,2,1,0,0,2332
2026-09-02T09:24:18.0545465Z,0,0,10.000,41.000,0.000,0.000,0.000,0.000,0.000,12.655,160.535,29,7,2,1,0,0,2335
2026-09-02T09:24:18.5614175Z,0,0,10.000,31.000,0.000,0.000,0.000,0.000,0.000,38.584,160.535,29,7,2,1,0,0,2340
2026-09-02T09:24:19.0637257Z,0,0,10.000,50.000,0.000,0.000,0.000,0.000,0.000,23.797,160.535,29,7,2,1,0,0,2345
2026-09-02T09:24:19.5695640Z,0,0,10.000,47.000,0.000,0.000,0.000,0.000,0.000,0.000,160.555,30,7,2,1,0,0,2350
2026-09-02T09:24:20.0750196Z,0,0,10.000,33.000,0.000,0.000,0.000,0.000,0.000,0.000,160.555,30,7,2,1,0,0,2354
2026-09-02T09:24:20.5795640Z,0,0,10.000,41.000,0.000,0.000,0.000,0.000,0.000,62.130,160.555,30,7,2,1,0,0,2359
2026-09-02T09:24:21.0945919Z,0,0,10.000,44.000,0.000,0.000,0.000,0.000,0.000,57.688,160.555,30,7,2,1,0,0,2365
2026-09-02T09:24:21.5969148Z,0,0,10.000,33.000,0.000,0.000,0.000,0.000,0.000,4.402,160.523,28,7,2,1,0,0,2370
2026-09-02T09:24:22.1032566Z,0,0,10.000,42.000,0.000,0.000,0.000,0.000,0.000,21.890,160.523,28,7,2,1,0,0,2375
2026-09-02T09:24:22.6207618Z,0,0,10.000,51.000,0.000,0.000,0.000,0.000,0.000,0.000,160.523,28,7,2,1,0,0,2379
2026-09-02T09:24:23.1248167Z,0,0,10.000,43.000,0.000,0.000,0.000,0.000,0.000,22.367,160.523,28,7,2,1,0,0,2384
2026-09-02T09:24:23.6349398Z,0,0,10.000,45.000,0.000,0.000,0.000,0.000,0.000,0.000,160.523,28,7,2,1,0,0,2389
2026-09-02T09:24:24.1442671Z,0,0,10.000,47.000,0.000,0.000,0.000,0.000,0.000,13.208,160.508,27,7,2,1,0,0,2394
2026-09-02T09:24:24.6467608Z,0,0,10.000,45.000,0.000,0.000,0.000,0.000,0.000,12.537,160.508,27,7,2,1,0,0,2398
2026-09-02T09:24:25.1520899Z,0,0,10.000,33.000,0.000,0.000,0.000,0.000,0.000,6.941,160.520,27,7,2,1,0,0,2402
2026-09-02T09:24:25.6577416Z,0,0,10.000,38.000,0.000,0.000,0.000,0.000,0.000,21.583,160.520,27,7,2,1,0,0,2407
2026-09-02T09:24:26.1740698Z,0,0,10.000,33.000,0.000,0.000,0.000,0.000,0.000,12.214,160.520,27,7,2,1,0,0,2411
2026-09-02T09:24:26.6826745Z,0,0,10.000,31.000,0.000,0.000,0.000,0.000,0.000,10.096,160.520,27,7,2,1,0,0,2416
2026-09-02T09:24:27.1994833Z,0,0,10.000,32.000,0.000,0.000,0.000,0.000,0.000,0.000,160.520,27,7,2,1,0,0,2421
2026-09-02T09:24:27.7049571Z,0,0,10.000,40.000,0.000,0.000,0.000,0.000,0.000,0.000,160.520,27,7,2,1,0,0,2426
2026-09-02T09:24:28.2100525Z,0,0,10.000,31.000,0.000,0.000,0.000,0.000,0.000,11.981,160.520,27,7,2,1,0,0,2431
2026-09-02T09:24:28.7247841Z,0,0,10.000,31.000,0.000,0.000,0.000,0.000,0.000,0.000,160.520,27,7,2,1,0,0,2435
2026-09-02T09:24:29.2387216Z,0,0,10.000,44.000,0.000,0.000,0.000,0.000,0.000,5.159,160.520,27,7,2,1,0,0,2440
2026-09-02T09:24:29.7528260Z,0,0,10.000,31.000,0.000,0.000,0.000,0.000,0.000,0.000,160.520,27,7,2,1,0,0,2445
2026-09-02T09:24:30.2695229Z,0,0,10.000,33.000,0.000,0.000,0.000,0.000,0.000,5.152,160.512,27,7,2,1,0,0,2450
2026-09-02T09:24:30.7752177Z,0,0,10.000,32.000,0.000,0.000,0.000,0.000,0.000,0.000,160.512,27,7,2,1,0,0,2454
2026-09-02T09:24:31.2783800Z,0,0,10.000,32.000,0.000,0.000,0.000,0.000,0.000,4.967,160.512,27,7,2,1,0,0,2457
2026-09-02T09:24:31.7830801Z,0,0,10.000,31.000,0.000,0.000,0.000,0.000,0.000,0.000,160.520,27,7,2,1,0,0,2461
2026-09-02T09:24:32.2854401Z,0,0,10.000,33.000,0.000,0.000,0.000,0.000,0.000,4.095,160.520,27,7,2,1,0,0,2465
2026-09-02T09:24:32.7895870Z,0,0,10.000,31.000,0.000,0.000,0.000,0.000,0.000,0.000,160.520,27,7,2,1,0,0,2470
2026-09-02T09:24:33.2960167Z,0,0,10.000,44.000,0.000,0.000,0.000,0.000,0.000,5.566,160.520,27,7,2,1,0,0,2474
2026-09-02T09:24:33.8025602Z,0,0,10.000,32.000,0.000,0.000,0.000,0.000,0.000,12.369,160.520,27,7,2,1,0,0,2478
2026-09-02T09:24:34.3096871Z,0,0,10.000,34.000,0.000,0.000,0.000,0.000,0.000,16.177,160.520,27,7,2,1,0,0,2483
2026-09-02T09:24:34.8267492Z,0,0,10.000,49.000,0.000,0.000,0.000,0.000,0.000,37.477,160.520,27,7,2,1,0,0,2488
2026-09-02T09:24:35.3288913Z,0,0,10.000,32.000,0.000,0.000,0.000,0.000,0.000,24.927,160.520,27,7,2,1,0,0,2492
2026-09-02T09:24:35.8313121Z,0,0,10.000,32.000,0.000,0.000,0.000,0.000,0.000,0.000,160.520,27,7,2,1,0,0,2496
2026-09-02T09:24:36.3345400Z,0,0,10.000,31.000,0.000,0.000,0.000,0.000,0.000,0.000,160.520,27,7,2,1,0,0,2501
2026-09-02T09:24:36.8381098Z,0,0,10.000,44.000,0.000,0.000,0.000,0.000,0.000,29.689,160.520,27,7,2,1,0,0,2506
2026-09-02T09:24:37.3404720Z,0,0,10.000,31.000,0.000,0.000,0.000,0.000,0.000,6.487,160.520,27,7,2,1,0,0,2510
2026-09-02T09:24:37.8447523Z,0,0,10.000,33.000,0.000,0.000,0.000,0.000,0.000,13.737,160.531,27,7,2,1,0,0,2515
2026-09-02T09:24:38.3479864Z,0,0,10.000,40.000,0.000,0.000,0.000,0.000,0.000,7.305,160.531,27,7,2,1,0,0,2520
2026-09-02T09:24:38.8651514Z,0,0,10.000,31.000,0.000,0.000,0.000,0.000,0.000,0.000,160.531,27,7,2,1,0,0,2524
2026-09-02T09:24:39.3814677Z,0,0,10.000,32.000,0.000,0.000,0.000,0.000,0.000,7.695,160.531,27,7,2,1,0,0,2527
2026-09-02T09:24:39.8984507Z,0,0,10.000,32.000,0.000,0.000,0.000,0.000,0.000,15.007,160.531,27,7,2,1,0,0,2530
2026-09-02T09:24:40.4028426Z,0,0,10.000,31.000,0.000,0.000,0.000,0.000,0.000,0.000,160.531,27,7,2,1,0,0,2534
2026-09-02T09:24:40.9073139Z,0,0,10.000,32.000,0.000,0.000,0.000,0.000,0.000,21.695,160.531,27,7,2,1,0,0,2538
2026-09-02T09:24:41.4094470Z,0,0,10.000,31.000,0.000,0.000,0.000,0.000,0.000,0.000,160.531,27,7,2,1,0,0,2542
2026-09-02T09:24:41.9138126Z,0,0,10.000,31.000,0.000,0.000,0.000,0.000,0.000,3.384,160.531,27,7,2,1,0,0,2546
2026-09-02T09:24:42.4271100Z,0,0,10.000,37.000,0.000,0.000,0.000,0.000,0.000,0.000,160.531,27,7,2,1,0,0,2551
2026-09-02T09:24:42.9376540Z,0,0,10.000,31.000,0.000,0.000,0.000,0.000,0.000,11.743,160.559,27,7,2,1,0,0,2556
2026-09-02T09:24:43.4506455Z,0,0,10.000,39.000,0.000,0.000,0.000,0.000,0.000,0.000,160.559,27,7,2,1,0,0,2561
2026-09-02T09:24:43.9661145Z,0,0,10.000,31.000,0.000,0.000,0.000,0.000,0.000,0.000,160.559,27,7,2,1,0,0,2563
2026-09-02T09:24:44.4689151Z,0,0,10.000,31.000,0.000,0.000,0.000,0.000,0.000,100.000,160.559,27,7,2,1,0,0,2566
2026-09-02T09:24:44.9707629Z,0,0,10.000,31.000,0.000,0.000,0.000,0.000,0.000,1.176,160.559,27,7,2,1,0,0,2567
2026-09-02T09:24:45.4864478Z,0,0,10.000,31.000,0.000,0.000,0.000,0.000,0.000,2.301,160.559,27,7,2,1,0,0,2568
2026-09-02T09:24:45.9926146Z,0,0,10.000,31.000,0.000,0.000,0.000,0.000,0.000,3.865,160.559,27,7,2,1,0,0,2570
2026-09-02T09:24:46.4969129Z,0,0,10.000,31.000,0.000,0.000,0.000,0.000,0.000,0.589,160.559,27,7,2,1,0,0,2571
2026-09-02T09:24:47.0002662Z,0,0,10.000,32.000,0.000,0.000,0.000,0.000,0.000,6.172,160.559,27,7,2,1,0,0,2573
2026-09-02T09:24:47.5133167Z,0,0,10.000,32.000,0.000,0.000,0.000,0.000,0.000,12.377,160.559,27,7,2,1,0,0,2575
2026-09-02T09:24:48.0297714Z,0,0,10.000,32.000,0.000,0.000,0.000,0.000,0.000,7.040,160.559,27,7,2,1,0,0,2578
2026-09-02T09:24:48.5418160Z,0,0,10.000,31.000,0.000,0.000,0.000,0.000,0.000,4.828,160.559,27,7,2,1,0,0,2580
2026-09-02T09:24:49.0567315Z,0,0,10.000,44.000,0.000,0.000,0.000,0.000,0.000,4.378,160.293,27,7,2,1,0,0,2582
2026-09-02T09:24:49.5598391Z,0,0,10.000,36.000,0.000,0.000,0.000,0.000,0.000,0.000,160.551,27,7,2,1,0,0,2585
2026-09-02T09:24:50.0744771Z,0,0,10.000,33.000,0.000,0.000,0.000,0.000,0.000,6.252,160.555,27,7,2,1,0,0,2589
2026-09-02T09:24:50.5788181Z,0,0,10.000,32.000,0.000,0.000,0.000,0.000,0.000,4.975,160.555,27,7,2,1,0,0,2594
2026-09-02T09:24:51.0812555Z,0,0,10.000,32.000,0.000,0.000,0.000,0.000,0.000,8.965,160.555,27,7,2,1,0,0,2599
2026-09-02T09:24:51.5833495Z,0,0,10.000,30.000,0.000,0.000,0.000,0.000,0.000,0.000,160.555,27,7,2,1,0,0,2604
2026-09-02T09:24:52.0993822Z,0,0,10.000,35.000,0.000,0.000,0.000,0.000,0.000,0.000,160.555,27,7,2,1,0,0,2608
2026-09-02T09:24:52.6143210Z,0,0,10.000,39.000,0.000,0.000,0.000,0.000,0.000,0.000,160.523,27,7,2,1,0,0,2613
2026-09-02T09:24:53.1175838Z,0,0,10.000,40.000,0.000,0.000,0.000,0.000,0.000,14.956,160.586,27,7,2,1,0,0,2618
2026-09-02T09:24:53.6249801Z,0,0,10.000,50.000,0.000,0.000,0.000,0.000,0.000,100.000,160.574,27,7,2,1,0,0,2623
2026-09-02T09:24:54.1328860Z,0,0,10.000,41.000,0.000,0.000,0.000,0.000,0.000,30.642,160.586,27,7,2,1,0,0,2627
2026-09-02T09:24:54.6492256Z,0,0,10.000,32.000,0.000,0.000,0.000,0.000,0.000,26.543,160.617,28,7,2,1,0,0,2632
2026-09-02T09:24:55.1578944Z,0,0,10.000,47.000,0.000,0.000,0.000,0.000,0.000,20.379,160.398,28,7,2,1,0,0,2637
2026-09-02T09:24:55.6617458Z,0,0,10.000,39.000,0.000,0.000,0.000,0.000,0.000,0.000,160.617,28,7,2,1,0,0,2642
2026-09-02T09:24:56.1687787Z,0,0,10.000,31.000,0.000,0.000,0.000,0.000,0.000,24.038,160.617,28,7,2,1,0,0,2647
2026-09-02T09:24:56.6735402Z,0,0,10.000,31.000,0.000,0.000,0.000,0.000,0.000,0.000,160.617,28,7,2,1,0,0,2652
2026-09-02T09:24:57.1775410Z,0,0,10.000,38.000,0.000,0.000,0.000,0.000,0.000,0.000,160.617,28,7,2,1,0,0,2656
2026-09-02T09:24:57.6838545Z,0,0,10.000,31.000,0.000,0.000,0.000,0.000,0.000,0.000,160.672,29,7,2,1,0,0,2661
2026-09-02T09:24:58.1882789Z,0,0,10.000,34.000,0.000,0.000,0.000,0.000,0.000,11.834,160.680,29,7,2,1,0,0,2666
2026-09-02T09:24:58.6929674Z,0,0,10.000,32.000,0.000,0.000,0.000,0.000,0.000,0.000,160.680,29,7,2,1,0,0,2671
2026-09-02T09:24:59.1957758Z,0,0,10.000,31.000,0.000,0.000,0.000,0.000,0.000,0.000,160.680,29,7,2,1,0,0,2675
2026-09-02T09:24:59.7039043Z,0,0,10.000,48.000,0.000,0.000,0.000,0.000,0.000,0.000,160.695,30,8,2,1,0,0,2680
2026-09-02T09:25:00.2129547Z,0,0,10.000,32.000,0.000,0.000,0.000,0.000,0.000,0.000,160.695,30,8,2,1,0,0,2685
2026-09-02T09:25:00.7194509Z,0,0,10.000,40.000,0.000,0.000,0.000,0.000,0.000,0.000,160.695,30,8,2,1,0,0,2690
2026-09-02T09:25:01.2352113Z,0,0,10.000,43.000,0.000,0.000,0.000,0.000,0.000,37.738,160.695,30,8,2,1,0,0,2694
2026-09-02T09:25:01.7392941Z,0,0,10.000,34.000,0.000,0.000,0.000,0.000,0.000,0.000,160.695,30,8,2,1,0,0,2699
2026-09-02T09:25:02.2417612Z,0,0,10.000,31.000,0.000,0.000,0.000,0.000,0.000,0.000,160.695,30,8,2,1,0,0,2704
2026-09-02T09:25:02.7491188Z,0,0,10.000,31.000,0.000,0.000,0.000,0.000,0.000,20.866,160.695,30,8,2,1,0,0,2709
2026-09-02T09:25:03.2559823Z,0,0,10.000,32.000,0.000,0.000,0.000,0.000,0.000,5.428,160.695,30,8,2,1,0,0,2714
2026-09-02T09:25:03.7620718Z,0,0,10.000,43.000,0.000,0.000,0.000,0.000,0.000,25.846,160.477,30,8,2,1,0,0,2718
2026-09-02T09:25:04.2697821Z,0,0,10.000,32.000,0.000,0.000,0.000,0.000,0.000,0.000,160.695,30,8,2,1,0,0,2723
2026-09-02T09:25:04.7760177Z,0,0,10.000,31.000,0.000,0.000,0.000,0.000,0.000,9.441,160.695,30,8,2,1,0,0,2728
2026-09-02T09:25:05.2794873Z,0,0,10.000,42.000,0.000,0.000,0.000,0.000,0.000,0.000,160.695,30,8,2,1,0,0,2732
2026-09-02T09:25:05.7821372Z,0,0,10.000,32.000,0.000,0.000,0.000,0.000,0.000,0.000,160.695,30,8,2,1,0,0,2737
2026-09-02T09:25:06.2859528Z,0,0,10.000,31.000,0.000,0.000,0.000,0.000,0.000,0.000,160.672,29,8,2,1,0,0,2742
2026-09-02T09:25:06.8031400Z,0,0,10.000,43.000,0.000,0.000,0.000,0.000,0.000,0.000,160.672,29,8,2,1,0,0,2747
2026-09-02T09:25:07.3058545Z,0,0,10.000,31.000,0.000,0.000,0.000,0.000,0.000,0.000,160.672,29,8,2,1,0,0,2751
2026-09-02T09:25:07.8100941Z,0,0,10.000,46.000,0.000,0.000,0.000,0.000,0.000,0.000,160.672,29,8,2,1,0,0,2756
2026-09-02T09:25:08.3271548Z,0,0,10.000,41.000,0.000,0.000,0.000,0.000,0.000,0.000,160.672,29,8,2,1,0,0,2761
2026-09-02T09:25:08.8337858Z,0,0,10.000,31.000,0.000,0.000,0.000,0.000,0.000,31.512,160.684,29,8,2,1,0,0,2766
2026-09-02T09:25:09.3362907Z,0,0,10.000,32.000,0.000,0.000,0.000,0.000,0.000,0.000,160.684,29,8,2,1,0,0,2771
2026-09-02T09:25:09.8451921Z,0,0,10.000,31.000,0.000,0.000,0.000,0.000,0.000,13.396,160.684,29,8,2,1,0,0,2775
2026-09-02T09:25:10.3507819Z,0,0,10.000,34.000,0.000,0.000,0.000,0.000,0.000,6.102,160.684,29,8,2,1,0,0,2780
2026-09-02T09:25:10.8675447Z,0,0,10.000,32.000,0.000,0.000,0.000,0.000,0.000,3.510,160.684,29,8,2,1,0,0,2785
2026-09-02T09:25:11.3734069Z,0,0,10.000,46.000,0.000,0.000,0.000,0.000,0.000,0.000,160.684,29,8,2,1,0,0,2790
2026-09-02T09:25:11.8828540Z,0,0,10.000,32.000,0.000,0.000,0.000,0.000,0.000,18.735,160.684,29,8,2,1,0,0,2794
2026-09-02T09:25:12.3942996Z,0,0,10.000,51.000,0.000,0.000,0.000,0.000,0.000,5.035,160.684,29,8,2,1,0,0,2799
2026-09-02T09:25:12.9096263Z,0,0,10.000,33.000,0.000,0.000,0.000,0.000,0.000,0.000,160.684,29,8,2,1,0,0,2804
2026-09-02T09:25:13.4210528Z,0,0,10.000,47.000,0.000,0.000,0.000,0.000,0.000,0.000,160.684,29,8,2,1,0,0,2809
2026-09-02T09:25:13.9337858Z,0,0,10.000,38.000,0.000,0.000,0.000,0.000,0.000,2.981,160.684,29,8,2,1,0,0,2813
2026-09-02T09:25:14.4481387Z,0,0,10.000,32.000,0.000,0.000,0.000,0.000,0.000,0.000,160.684,29,8,2,1,0,0,2818
2026-09-02T09:25:14.9537269Z,0,0,10.000,33.000,0.000,0.000,0.000,0.000,0.000,15.223,160.684,29,8,2,1,0,0,2822
2026-09-02T09:25:15.4583259Z,0,0,10.000,41.000,0.000,0.000,0.000,0.000,0.000,0.000,160.684,29,8,2,1,0,0,2827
2026-09-02T09:25:15.9739049Z,0,0,10.000,32.000,0.000,0.000,0.000,0.000,0.000,0.000,160.684,29,8,2,1,0,0,2831
2026-09-02T09:25:16.4761468Z,0,0,10.000,40.000,0.000,0.000,0.000,0.000,0.000,27.402,160.684,29,8,2,1,0,0,2836
2026-09-02T09:25:16.9811503Z,0,0,10.000,33.000,0.000,0.000,0.000,0.000,0.000,0.000,160.684,29,8,2,1,0,0,2840
2026-09-02T09:25:17.4837772Z,0,0,10.000,32.000,0.000,0.000,0.000,0.000,0.000,15.121,160.684,29,8,2,1,0,0,2845
2026-09-02T09:25:17.9869240Z,0,0,10.000,34.000,0.000,0.000,0.000,0.000,0.000,0.000,160.684,29,8,2,1,0,0,2850
2026-09-02T09:25:18.5022323Z,0,0,10.000,55.000,0.000,0.000,0.000,0.000,0.000,0.000,160.809,29,8,2,1,0,0,2854
2026-09-02T09:25:19.0178485Z,0,0,10.000,43.000,0.000,0.000,0.000,0.000,0.000,10.455,160.809,29,8,2,1,0,0,2858
